,지역,번지,본번,부번,아파트,면적,계약년월,계약일,가격,층,건축년도,도로명,비쌈
1256,경기도 고양덕양구 성사동,407-9,407,9,동원(407-9),49.32,201910,1,21290,4,1988,고양대로1407번길 25,True
1325,경기도 고양덕양구 주교동,609-2,609,2,우분투포레스트,39.423,201910,3,21700,10,2019,호국로777번길 11,True
1339,경기도 고양덕양구 토당동,Feb-99,99,2,장미APT,40.68,201910,7,26000,4,1988,지도로103번길 17,True
1340,경기도 고양덕양구 토당동,Feb-99,99,2,장미APT,40.68,201910,18,25500,4,1988,지도로103번길 17,True
1370,경기도 고양덕양구 행신동,983,983,0,샘터마을2,49.96,201910,11,20850,13,1996,충장로 118-30,True
1371,경기도 고양덕양구 행신동,983,983,0,샘터마을2,49.96,201910,17,21700,19,1996,충장로 118-30,True
1391,경기도 고양덕양구 행신동,785,785,0,소만마을(성원)6,49.77,201910,28,21500,10,1995,소원로 157,True
1421,경기도 고양덕양구 행신동,953,953,0,햇빛주공23,49.96,201910,24,20300,2,1996,화신로 105,True
1491,경기도 고양일산동구 마두동,789,789,0,강촌마을(라이프),47.55,201910,19,25900,11,1992,강석로 110,True
1815,경기도 고양일산서구 일산동,1086,1086,0,후곡마을(동아16),48.84,201910,25,21500,8,1995,강선로 141,True
1855,경기도 고양일산서구 주엽동,90,90,0,강선마을(동성),48.75,201910,9,25700,5,1994,호수로 710-1,True
1881,경기도 고양일산서구 주엽동,133,133,0,문촌마을(세경14),49.68,201910,7,25000,6,1999,킨텍스로 300,True
2073,경기도 광명시 광명동,732,732,0,중앙하이츠1,48.69,201910,19,22400,13,1993,도덕로 56,True
2128,경기도 광명시 철산동,625,625,0,도덕파크타운2단지,49.97,201910,5,38200,7,2001,가림일로 101,True
2129,경기도 광명시 철산동,625,625,0,도덕파크타운2단지,39.65,201910,8,28500,4,2001,가림일로 101,True
2130,경기도 광명시 철산동,625,625,0,도덕파크타운2단지,39.65,201910,11,28300,21,2001,가림일로 101,True
2131,경기도 광명시 철산동,625,625,0,도덕파크타운2단지,39.65,201910,22,29000,7,2001,가림일로 101,True
2132,경기도 광명시 철산동,625,625,0,도덕파크타운2단지,49.97,201910,26,38900,9,2001,가림일로 101,True
2133,경기도 광명시 철산동,625,625,0,도덕파크타운2단지,39.65,201910,26,28000,25,2001,가림일로 101,True
2134,경기도 광명시 철산동,625,625,0,도덕파크타운2단지,39.65,201910,29,30500,7,2001,가림일로 101,True
2135,경기도 광명시 철산동,625,625,0,도덕파크타운2단지,49.98,201910,30,40000,11,2001,가림일로 101,True
2136,경기도 광명시 철산동,625,625,0,도덕파크타운2단지,39.65,201910,30,28700,6,2001,가림일로 101,True
2146,경기도 광명시 철산동,105,105,0,저층주공10,47.25,201910,4,57800,4,1985,가마산로 11,True
2147,경기도 광명시 철산동,105,105,0,저층주공11,38.52,201910,7,48000,5,1985,가마산로 29,True
2157,경기도 광명시 철산동,626-1,626,1,철산리버빌 주공아파트,49.61,201910,8,32800,19,2001,안양천로502번길 12,True
2158,경기도 광명시 철산동,626-1,626,1,철산리버빌 주공아파트,49.61,201910,11,31500,14,2001,안양천로502번길 12,True
2170,경기도 광명시 하안동,682,682,0,주공1,41.3,201910,7,28000,5,1989,안현로 15,True
2171,경기도 광명시 하안동,682,682,0,주공1,36.34,201910,10,23300,2,1989,안현로 15,True
2172,경기도 광명시 하안동,682,682,0,주공1,49.94,201910,10,35500,8,1989,안현로 15,True
2173,경기도 광명시 하안동,682,682,0,주공1,41.3,201910,12,27300,15,1989,안현로 15,True
2174,경기도 광명시 하안동,682,682,0,주공1,41.3,201910,16,26700,7,1989,안현로 15,True
2175,경기도 광명시 하안동,30,30,0,주공10,45.77,201910,1,26000,3,1990,하안로 320,True
2176,경기도 광명시 하안동,30,30,0,주공10,45.55,201910,2,25000,1,1990,하안로 320,True
2178,경기도 광명시 하안동,30,30,0,주공10,45.77,201910,14,28600,14,1990,하안로 320,True
2181,경기도 광명시 하안동,27,27,0,주공11,49.94,201910,15,37900,8,1990,하안로 318,True
2182,경기도 광명시 하안동,27,27,0,주공11,41.3,201910,21,30500,15,1990,하안로 318,True
2183,경기도 광명시 하안동,27,27,0,주공11,36.16,201910,31,27700,5,1990,하안로 318,True
2187,경기도 광명시 하안동,110,110,0,주공12,44.89,201910,14,31500,13,1990,하안로 284,True
2188,경기도 광명시 하안동,681,681,0,주공2,45.77,201910,10,27500,15,1989,안현로 35,True
2189,경기도 광명시 하안동,650,650,0,주공3,49.94,201910,4,36000,5,1989,안현로 34,True
2190,경기도 광명시 하안동,650,650,0,주공3,36.34,201910,19,24900,15,1989,안현로 34,True
2191,경기도 광명시 하안동,650,650,0,주공3,36.16,201910,21,26800,13,1989,안현로 34,True
2192,경기도 광명시 하안동,650,650,0,주공3,49.94,201910,30,34300,4,1989,안현로 34,True
2193,경기도 광명시 하안동,651,651,0,주공4,45.9,201910,1,26000,15,1989,안현로 36,True
2194,경기도 광명시 하안동,651,651,0,주공4,45.77,201910,1,29000,11,1989,안현로 36,True
2195,경기도 광명시 하안동,651,651,0,주공4,45.77,201910,2,29500,14,1989,안현로 36,True
2196,경기도 광명시 하안동,651,651,0,주공4,45.9,201910,7,26800,4,1989,안현로 36,True
2197,경기도 광명시 하안동,651,651,0,주공4,45.9,201910,14,28200,5,1989,안현로 36,True
2199,경기도 광명시 하안동,651,651,0,주공4,45.55,201910,15,26700,10,1989,안현로 36,True
2204,경기도 광명시 하안동,296,296,0,주공6,41.3,201910,11,25000,15,1990,금당로 11,True
2205,경기도 광명시 하안동,296,296,0,주공6,41.3,201910,18,27400,2,1990,금당로 11,True
2206,경기도 광명시 하안동,296,296,0,주공6,49.94,201910,29,38000,9,1990,금당로 11,True
2208,경기도 광명시 하안동,295,295,0,주공7,45.77,201910,8,30000,6,1990,금당로 13,True
2212,경기도 광명시 하안동,13,13,0,주공9,45.77,201910,10,29000,12,1990,하안로 364,True
2213,경기도 광명시 하안동,13,13,0,주공9,45.77,201910,19,28900,7,1990,하안로 364,True
2214,경기도 광명시 하안동,13,13,0,주공9,45.77,201910,22,27600,15,1990,하안로 364,True
2215,경기도 광명시 하안동,13,13,0,주공9,45.77,201910,24,28500,7,1990,하안로 364,True
2532,경기도 구리시 인창동,651-27,651,27,원일아름,41.7,201910,9,23500,12,1998,동구릉로85번길 17,True
2536,경기도 구리시 인창동,663-1,663,1,주공1,37.67,201910,1,27000,12,1996,건원대로 92,True
2540,경기도 구리시 인창동,663-1,663,1,주공1,37.67,201910,11,28500,10,1996,건원대로 92,True
2544,경기도 구리시 인창동,664-1,664,1,주공2,39.86,201910,4,26300,5,1997,건원대로76번길 39,True
2545,경기도 구리시 인창동,664-1,664,1,주공2,49.95,201910,9,30900,9,1997,건원대로76번길 39,True
2548,경기도 구리시 인창동,664-1,664,1,주공2,49.95,201910,25,27600,1,1997,건원대로76번길 39,True
2552,경기도 구리시 인창동,666-1,666,1,주공4-1,37.67,201910,23,26000,4,1996,건원대로76번길 134,True
2557,경기도 구리시 인창동,668-1,668,1,주공6,39.87,201910,12,30700,16,1996,건원대로34번길 77,True
2561,경기도 구리시 인창동,668-1,668,1,주공6,39.87,201910,28,26300,1,1996,건원대로34번길 77,True
2562,경기도 구리시 인창동,297-2,297,2,충효,45.53,201910,8,38000,4,1989,경춘로227번길 45,True
2563,경기도 구리시 인창동,297-2,297,2,충효,45.53,201910,13,42000,3,1989,경춘로227번길 45,True
2618,경기도 군포시 금정동,872,872,0,충무주공(872),44.06,201910,3,22800,6,1992,산본로 299,True
2619,경기도 군포시 금정동,872,872,0,충무주공(872),42.75,201910,5,20500,18,1992,산본로 299,True
2626,경기도 군포시 금정동,872,872,0,충무주공(872),42.75,201910,26,21000,11,1992,산본로 299,True
2628,경기도 군포시 금정동,873-2,873,2,충무주공(873-2),41.4,201910,4,20500,16,1993,산본로 299,True
2651,경기도 군포시 당동,874,874,0,주공2단지(874),49.59,201910,9,21300,10,1997,용호2로 11,True
2653,경기도 군포시 당동,874,874,0,주공2단지(874),49.59,201910,11,20500,15,1997,용호2로 11,True
2740,경기도 군포시 산본동,1055,1055,0,매화,49.69,201910,9,22800,4,1995,곡란로 26,True
2755,경기도 군포시 산본동,Aug-71,71,8,상남,38.7,201910,8,25900,4,1987,금산로110번길 35,True
2756,경기도 군포시 산본동,Aug-71,71,8,상남,46.71,201910,22,27800,1,1987,금산로110번길 35,True
2762,경기도 군포시 산본동,1151-9,1151,9,설악2,49.89,201910,16,21000,14,1996,수리산로 102,True
2764,경기도 군포시 산본동,1151-9,1151,9,설악2,49.89,201910,17,21000,11,1996,수리산로 102,True
2766,경기도 군포시 산본동,1151-9,1151,9,설악2,49.89,201910,21,22000,17,1996,수리산로 102,True
2782,경기도 군포시 산본동,1052,1052,0,주공11,41.3,201910,21,23500,8,1991,산본천로 119-9,True
2789,경기도 군포시 산본동,1120,1120,0,주몽2-10,49.67,201910,8,25500,5,1996,광정로 122,True
2790,경기도 군포시 산본동,1120,1120,0,주몽2-10,49.69,201910,15,24500,14,1996,광정로 122,True
2791,경기도 군포시 산본동,1120,1120,0,주몽2-10,49.67,201910,28,29000,19,1996,광정로 122,True
2794,경기도 군포시 산본동,1156-1,1156,1,한라주공4,41.85,201910,5,20050,8,1992,번영로 380,True
2796,경기도 군포시 산본동,1156-1,1156,1,한라주공4,41.85,201910,9,21000,3,1992,번영로 380,True
2803,경기도 군포시 산본동,1156-1,1156,1,한라주공4,41.85,201910,26,20900,11,1992,번영로 380,True
4033,경기도 부천시 괴안동,202-3,202,3,성우2차,48.465,201910,22,28500,2,1985,경인로577번가길 73,True
4070,경기도 부천시 범박동,154-2,154,2,부천 범박 힐스테이트1단지,39.69,201910,14,23900,19,2004,범안로 81,True
4147,경기도 부천시 상동,399,399,0,반달마을(극동신라),41.44,201910,17,20300,7,1994,상일로 72,True
4208,경기도 부천시 상동,394,394,0,한아름마을(한국),48.18,201910,4,20500,4,1996,부흥로 102,True
4286,경기도 부천시 송내동,336-7,336,7,대보,32.22,201910,16,20500,1,1988,송내대로42번길 80,True
4470,경기도 부천시 원종동,129-52,129,52,원종주공,39.66,201910,3,24000,1,1988,소사로807번길 54,True
4471,경기도 부천시 원종동,129-52,129,52,원종주공,39.27,201910,6,24200,2,1988,소사로807번길 54,True
4472,경기도 부천시 원종동,129-52,129,52,원종주공,39.66,201910,9,23800,5,1988,소사로807번길 54,True
4473,경기도 부천시 원종동,129-52,129,52,원종주공,39.27,201910,16,24000,3,1988,소사로807번길 54,True
4474,경기도 부천시 원종동,129-52,129,52,원종주공,46.65,201910,21,29800,3,1988,소사로807번길 54,True
4489,경기도 부천시 중동,1029,1029,0,금강마을(주공),41.85,201910,12,24000,5,1994,계남로 126,True
4491,경기도 부천시 중동,1029,1029,0,금강마을(주공),42.75,201910,17,24800,19,1994,계남로 106,True
4492,경기도 부천시 중동,1029,1029,0,금강마을(주공),41.85,201910,17,22000,14,1994,계남로 126,True
4493,경기도 부천시 중동,1029,1029,0,금강마을(주공),41.85,201910,24,21000,11,1994,계남로 106,True
4494,경기도 부천시 중동,1029,1029,0,금강마을(주공),41.85,201910,26,22150,14,1994,계남로 126,True
4506,경기도 부천시 중동,1041,1041,0,덕유마을(주공2),39.9,201910,9,20500,14,1996,도약로 146,True
4511,경기도 부천시 중동,1040,1040,0,덕유마을(주공3),47.4,201910,17,23000,3,1996,중동로 327,True
4543,경기도 부천시 중동,1178,1178,0,미리내마을(우성),42.51,201910,26,22000,7,1993,소향로 206,True
4544,경기도 부천시 중동,1179,1179,0,미리내마을(한신),41.85,201910,1,21500,14,1994,조마루로285번길 47,True
4556,경기도 부천시 중동,1051,1051,0,설악마을(주공),49.8,201910,1,22000,1,1993,계남로 195,True
4557,경기도 부천시 중동,1051,1051,0,설악마을(주공),49.8,201910,3,21600,2,1993,계남로 195,True
4558,경기도 부천시 중동,1051,1051,0,설악마을(주공),49.8,201910,14,22000,15,1993,계남로 195,True
4560,경기도 부천시 중동,1051,1051,0,설악마을(주공),49.8,201910,15,24000,10,1993,계남로 195,True
4561,경기도 부천시 중동,1051,1051,0,설악마을(주공),49.8,201910,16,24000,3,1993,계남로 195,True
4562,경기도 부천시 중동,1051,1051,0,설악마을(주공),49.8,201910,19,23750,11,1993,계남로 195,True
4563,경기도 부천시 중동,1051,1051,0,설악마을(주공),49.8,201910,24,23700,12,1993,계남로 195,True
4581,경기도 부천시 중동,1038,1038,0,은하마을(주공2),47.4,201910,15,28400,8,1995,계남로 144,True
4592,경기도 부천시 중동,1052,1052,0,중흥마을(주공),39.87,201910,17,20800,20,1995,계남로 196,True
4638,경기도 성남분당구 구미동,88,88,0,까치마을(2단지)(주공),49.67,201910,9,55000,12,1995,미금일로 22,True
4639,경기도 성남분당구 구미동,88,88,0,까치마을(2단지)(주공),49.67,201910,30,45000,8,1995,미금일로 22,True
4651,경기도 성남분당구 구미동,212,212,0,무지개(12단지)(주공뜨란체),49.67,201910,14,34500,18,1995,미금로22번길 10,True
4654,경기도 성남분당구 구미동,211,211,0,무지개(1단지)(대림),47.52,201910,10,40500,12,1995,미금로 23,True
4662,경기도 성남분당구 구미동,220,220,0,무지개(4단지)(주공),49.67,201910,3,40000,25,1995,미금로 66,True
4669,경기도 성남분당구 구미동,110,110,0,하얀마을(5단지)(주공),39.01,201910,3,38000,15,1995,미금일로 21,True
4670,경기도 성남분당구 구미동,110,110,0,하얀마을(5단지)(주공),39.01,201910,9,39000,14,1995,미금일로 21,True
4671,경기도 성남분당구 구미동,110,110,0,하얀마을(5단지)(주공),38.07,201910,10,39000,7,1995,미금일로 21,True
4672,경기도 성남분당구 구미동,110,110,0,하얀마을(5단지)(주공),39.01,201910,17,36800,3,1995,미금일로 21,True
4687,경기도 성남분당구 금곡동,180,180,0,청솔마을(유천),40.5,201910,21,46000,11,1995,정자일로 46,True
4688,경기도 성남분당구 금곡동,133,133,0,청솔마을(주공9단지),42.84,201910,4,44000,1,1995,미금로 216,True
4755,경기도 성남분당구 서현동,91,91,0,시범한양,35.1,201910,9,45500,10,1991,중앙공원로 17,True
4757,경기도 성남분당구 서현동,91,91,0,시범한양,35.1,201910,15,48000,3,1991,중앙공원로 17,True
4758,경기도 성남분당구 서현동,91,91,0,시범한양,35.1,201910,16,47200,5,1991,중앙공원로 17,True
4759,경기도 성남분당구 서현동,91,91,0,시범한양,35.1,201910,19,45200,13,1991,중앙공원로 17,True
4760,경기도 성남분당구 서현동,91,91,0,시범한양,28.71,201910,24,37000,2,1991,중앙공원로 17,True
4774,경기도 성남분당구 서현동,301,301,0,효자촌(삼환),46.065,201910,5,47000,10,1992,불정로 361,True
4782,경기도 성남분당구 수내동,24,24,0,양지마을(5단지)(한양501-514),42.56,201910,3,49800,3,1992,내정로165번길 35,True
4783,경기도 성남분당구 수내동,24,24,0,양지마을(5단지)(한양501-514),35.1,201910,4,41800,5,1992,내정로165번길 35,True
4784,경기도 성남분당구 수내동,24,24,0,양지마을(5단지)(한양501-514),42.56,201910,4,51500,5,1992,내정로165번길 35,True
4785,경기도 성남분당구 수내동,24,24,0,양지마을(5단지)(한양501-514),35.1,201910,5,44000,11,1992,내정로165번길 35,True
4786,경기도 성남분당구 수내동,24,24,0,양지마을(5단지)(한양501-514),35.1,201910,10,43000,7,1992,내정로165번길 35,True
4821,경기도 성남분당구 야탑동,205,205,0,매화마을(주공3),41.85,201910,7,36400,6,1993,양현로 507,True
4822,경기도 성남분당구 야탑동,205,205,0,매화마을(주공3),41.85,201910,8,35500,3,1993,양현로 507,True
4823,경기도 성남분당구 야탑동,205,205,0,매화마을(주공3),41.85,201910,9,36000,3,1993,양현로 537,True
4824,경기도 성남분당구 야탑동,205,205,0,매화마을(주공3),38.34,201910,14,37000,3,1993,양현로 537,True
4825,경기도 성남분당구 야탑동,205,205,0,매화마을(주공3),46.2,201910,15,41600,1,1993,양현로 537,True
4826,경기도 성남분당구 야탑동,205,205,0,매화마을(주공3),41.85,201910,18,35000,1,1993,양현로 507,True
4827,경기도 성남분당구 야탑동,205,205,0,매화마을(주공3),41.85,201910,19,35300,9,1993,양현로 537,True
4828,경기도 성남분당구 야탑동,205,205,0,매화마을(주공3),49.77,201910,19,48800,7,1993,양현로 507,True
4829,경기도 성남분당구 야탑동,205,205,0,매화마을(주공3),41.85,201910,24,45000,6,1993,양현로 507,True
4830,경기도 성남분당구 야탑동,211,211,0,매화마을(주공4),41.85,201910,10,33800,2,1993,장미로 193,True
4831,경기도 성남분당구 야탑동,211,211,0,매화마을(주공4),35.28,201910,21,33250,3,1993,장미로 193,True
4832,경기도 성남분당구 야탑동,211,211,0,매화마을(주공4),41.85,201910,29,34800,6,1993,장미로 193,True
4858,경기도 성남분당구 야탑동,334,334,0,장미마을(현대),41.76,201910,9,42000,5,1993,장미로 101,True
4859,경기도 성남분당구 야탑동,334,334,0,장미마을(현대),41.76,201910,10,41600,7,1993,장미로 101,True
4880,경기도 성남분당구 야탑동,518,518,0,탑마을(주공),35.28,201910,3,32000,1,1993,매화로 12,True
4881,경기도 성남분당구 야탑동,518,518,0,탑마을(주공),35.28,201910,14,36300,5,1993,매화로 12,True
4907,경기도 성남분당구 이매동,142,142,0,아름마을(선경),41.76,201910,9,56000,3,1993,이매로 11,True
4956,경기도 성남분당구 정자동,198,198,0,정든마을(2단지)(동아),48.84,201910,1,50000,11,1995,불정로 179,True
4957,경기도 성남분당구 정자동,198,198,0,정든마을(2단지)(동아),48.84,201910,1,47900,4,1995,불정로 179,True
4958,경기도 성남분당구 정자동,198,198,0,정든마을(2단지)(동아),48.84,201910,23,50250,5,1995,불정로 179,True
4959,경기도 성남분당구 정자동,198,198,0,정든마을(6단지)(우성),48.84,201910,5,47800,12,1994,불정로 195,True
4960,경기도 성남분당구 정자동,198,198,0,정든마을(6단지)(우성),48.84,201910,5,50000,12,1994,불정로 195,True
4961,경기도 성남분당구 정자동,198,198,0,정든마을(6단지)(우성),48.84,201910,7,47900,10,1994,불정로 195,True
4965,경기도 성남분당구 정자동,110,110,0,한솔마을(1단지)(청구),49.35,201910,9,52000,5,1994,불정로 219,True
4967,경기도 성남분당구 정자동,110,110,0,한솔마을(1단지)(청구),49.35,201910,29,52000,5,1994,불정로 219,True
4968,경기도 성남분당구 정자동,102,102,0,한솔마을(4단지)(주공),42.75,201910,3,50000,24,1994,백현로 206,True
4969,경기도 성남분당구 정자동,102,102,0,한솔마을(4단지)(주공),41.85,201910,4,45500,7,1994,백현로 206,True
4970,경기도 성남분당구 정자동,102,102,0,한솔마을(4단지)(주공),35.28,201910,7,42200,5,1994,백현로 206,True
4971,경기도 성남분당구 정자동,102,102,0,한솔마을(4단지)(주공),41.85,201910,8,40000,7,1994,백현로 206,True
4972,경기도 성남분당구 정자동,102,102,0,한솔마을(4단지)(주공),35.28,201910,15,39600,10,1994,백현로 206,True
4973,경기도 성남분당구 정자동,102,102,0,한솔마을(4단지)(주공),41.85,201910,19,46800,4,1994,백현로 206,True
4974,경기도 성남분당구 정자동,102,102,0,한솔마을(4단지)(주공),35.28,201910,19,40000,4,1994,백현로 206,True
4975,경기도 성남분당구 정자동,102,102,0,한솔마을(4단지)(주공),42.75,201910,24,50000,20,1994,백현로 206,True
4976,경기도 성남분당구 정자동,102,102,0,한솔마을(4단지)(주공),41.85,201910,25,40800,1,1994,백현로 206,True
4977,경기도 성남분당구 정자동,102,102,0,한솔마을(4단지)(주공),35.28,201910,29,39700,13,1994,백현로 206,True
4978,경기도 성남분당구 정자동,102,102,0,한솔마을(4단지)(주공),42.75,201910,30,47000,8,1994,백현로 206,True
4979,경기도 성남분당구 정자동,112,112,0,한솔마을(5단지)(주공),41.85,201910,2,43500,4,1994,정자로 115,True
4982,경기도 성남분당구 정자동,112,112,0,한솔마을(5단지)(주공),42.75,201910,9,46500,16,1994,정자로 115,True
4983,경기도 성남분당구 정자동,112,112,0,한솔마을(5단지)(주공),42.75,201910,16,49500,24,1994,정자로 115,True
4985,경기도 성남분당구 정자동,112,112,0,한솔마을(5단지)(주공),42.75,201910,20,52000,23,1994,정자로 115,True
4987,경기도 성남분당구 정자동,112,112,0,한솔마을(5단지)(주공),42.75,201910,24,51000,20,1994,정자로 115,True
4990,경기도 성남분당구 정자동,117,117,0,한솔마을(6단지)(주공),37.67,201910,5,43300,5,1995,내정로 54,True
4991,경기도 성남분당구 정자동,117,117,0,한솔마을(6단지)(주공),37.67,201910,7,40900,2,1995,내정로 54,True
4992,경기도 성남분당구 정자동,117,117,0,한솔마을(6단지)(주공),37.67,201910,25,45000,4,1995,내정로 54,True
5143,경기도 성남중원구 금광동,3950,3950,0,삼익금광1차,34.05,201910,7,23500,11,1991,자혜로16번길 9,True
5144,경기도 성남중원구 금광동,3950,3950,0,삼익금광1차,44.01,201910,18,31850,10,1991,자혜로16번길 9,True
5147,경기도 성남중원구 금광동,Jan-50,2450,1,황송마을(삼익금광2차),49.98,201910,5,28200,1,1993,황송로 6,True
5148,경기도 성남중원구 금광동,Jan-50,2450,1,황송마을(삼익금광2차),49.98,201910,5,29500,10,1993,황송로 6,True
5149,경기도 성남중원구 금광동,Jan-50,2450,1,황송마을(삼익금광2차),49.98,201910,26,30200,3,1993,황송로 6,True
5159,경기도 성남중원구 상대원동,179,179,0,궁전,40.14,201910,7,22000,2,1987,순환로 188,True
5160,경기도 성남중원구 상대원동,179,179,0,궁전,40.14,201910,8,22000,2,1987,순환로 188,True
5164,경기도 성남중원구 상대원동,279-1,279,1,선경2차,49.98,201910,2,30000,13,1994,금상로 134,True
5165,경기도 성남중원구 상대원동,279-1,279,1,선경2차,49.98,201910,3,29100,12,1994,금상로 134,True
5166,경기도 성남중원구 상대원동,279-1,279,1,선경2차,49.98,201910,7,29000,13,1994,금상로 134,True
5167,경기도 성남중원구 상대원동,279-1,279,1,선경2차,49.98,201910,10,29500,3,1994,금상로 134,True
5168,경기도 성남중원구 상대원동,279-1,279,1,선경2차,49.98,201910,11,29900,15,1994,금상로 134,True
5169,경기도 성남중원구 상대원동,279-1,279,1,선경2차,49.98,201910,12,30000,5,1994,금상로 134,True
5170,경기도 성남중원구 상대원동,279-1,279,1,선경2차,49.98,201910,14,32000,13,1994,금상로 134,True
5171,경기도 성남중원구 상대원동,279-1,279,1,선경2차,49.98,201910,17,31800,6,1994,금상로 134,True
5172,경기도 성남중원구 상대원동,279-1,279,1,선경2차,49.98,201910,17,29800,6,1994,금상로 134,True
5173,경기도 성남중원구 상대원동,279-1,279,1,선경2차,49.98,201910,19,30200,5,1994,금상로 134,True
5174,경기도 성남중원구 상대원동,279-1,279,1,선경2차,49.98,201910,19,30500,14,1994,금상로 134,True
5175,경기도 성남중원구 상대원동,279-1,279,1,선경2차,49.98,201910,19,29800,11,1994,금상로 134,True
5176,경기도 성남중원구 상대원동,279-1,279,1,선경2차,49.98,201910,23,32250,6,1994,금상로 134,True
5177,경기도 성남중원구 상대원동,279-1,279,1,선경2차,49.98,201910,26,31900,2,1994,금상로 134,True
5178,경기도 성남중원구 상대원동,279-1,279,1,선경2차,49.98,201910,28,26000,15,1994,금상로 134,True
5179,경기도 성남중원구 상대원동,279-1,279,1,선경2차,49.98,201910,29,31200,10,1994,금상로 134,True
5180,경기도 성남중원구 상대원동,279-1,279,1,선경2차,49.98,201910,31,31500,5,1994,금상로 134,True
5218,경기도 성남중원구 은행동,550,550,0,은행주공,29.25,201910,10,29800,2,1987,산성대로552번길 15,True
5221,경기도 성남중원구 은행동,550,550,0,은행주공,29.25,201910,18,29500,1,1987,산성대로552번길 15,True
5225,경기도 성남중원구 은행동,550,550,0,은행주공2,39.72,201910,15,34000,4,1987,산성대로552번길 15,True
5226,경기도 성남중원구 은행동,550,550,0,은행주공2,39.72,201910,17,34000,1,1987,산성대로552번길 15,True
5258,경기도 성남중원구 하대원동,119,119,0,삼남,47.34,201910,12,23700,2,1986,둔촌대로217번길 11,True
5315,경기도 수원권선구 권선동,1304,1304,0,권선3지구주공3,49.58,201910,2,23000,18,2001,세권로 334,True
5317,경기도 수원권선구 권선동,1304,1304,0,권선3지구주공3,49.58,201910,9,22900,11,2001,세권로 334,True
5535,경기도 수원권선구 권선동,1362,1362,0,수원아이파크시티9단지,45.05,201910,2,28200,5,2017,동수원로177번길 90,True
6047,경기도 수원영통구 매탄동,897,897,0,매탄주공4,46.8,201910,9,46700,1,1985,인계로189번길 14,True
6091,경기도 수원영통구 매탄동,1199,1199,0,원천성일,49.94,201910,9,21000,10,1992,동탄원천로1109번길 42,True
6093,경기도 수원영통구 매탄동,1199,1199,0,원천성일,49.94,201910,12,21500,7,1992,동탄원천로1109번길 42,True
6095,경기도 수원영통구 매탄동,1199,1199,0,원천성일,49.94,201910,18,22200,8,1992,동탄원천로1109번길 42,True
6098,경기도 수원영통구 매탄동,1199,1199,0,원천성일,49.94,201910,26,20500,10,1992,동탄원천로1109번길 42,True
6099,경기도 수원영통구 매탄동,1199,1199,0,원천성일,49.94,201910,29,21000,6,1992,동탄원천로1109번길 42,True
6100,경기도 수원영통구 매탄동,1199,1199,0,원천성일,49.94,201910,31,20950,10,1992,동탄원천로1109번길 42,True
6140,경기도 수원영통구 매탄동,1282,1282,0,주공그린빌5,45.88,201910,4,21100,12,2002,동탄원천로881번길 35,True
6141,경기도 수원영통구 매탄동,1282,1282,0,주공그린빌5,45.88,201910,22,22800,11,2002,동탄원천로881번길 35,True
6142,경기도 수원영통구 매탄동,1282,1282,0,주공그린빌5,45.88,201910,22,22900,14,2002,동탄원천로881번길 35,True
6239,경기도 수원영통구 영통동,971-1,971,1,벽적골롯데,49.71,201910,4,24200,19,2002,덕영대로1555번길 20,True
6240,경기도 수원영통구 영통동,971-1,971,1,벽적골롯데,49.71,201910,11,23000,9,2002,덕영대로1555번길 20,True
6241,경기도 수원영통구 영통동,971-1,971,1,벽적골롯데,49.71,201910,22,22300,3,2002,덕영대로1555번길 20,True
6242,경기도 수원영통구 영통동,971-1,971,1,벽적골롯데,38.16,201910,29,20500,17,2002,덕영대로1555번길 20,True
6253,경기도 수원영통구 영통동,972-2,972,2,벽적골주공휴먼시아8단지,49.59,201910,5,20800,18,1997,영통로290번길 26,True
6281,경기도 수원영통구 영통동,970-3,970,3,벽적골휴먼시아9단지,49.26,201910,22,23800,18,1999,봉영로1517번길 27,True
6406,경기도 수원영통구 영통동,1048-2,1048,2,청명마을(주공),49.76,201910,1,22700,5,1997,청명북로 81,True
6471,경기도 수원영통구 영통동,955-1,955,1,황골마을주공1,49.76,201910,5,20800,15,1997,영통로 498,True
6558,경기도 수원영통구 원천동,35,35,0,주공,49.94,201910,4,24500,4,1987,중부대로271번길 27-9,True
6559,경기도 수원영통구 원천동,35,35,0,주공,41.3,201910,5,20200,13,1987,중부대로271번길 27-9,True
6562,경기도 수원영통구 원천동,35,35,0,주공,49.94,201910,9,24500,11,1987,중부대로271번길 27-9,True
6563,경기도 수원영통구 원천동,35,35,0,주공,49.94,201910,11,25450,14,1987,중부대로271번길 27-9,True
6564,경기도 수원영통구 원천동,35,35,0,주공,49.94,201910,11,24500,15,1987,중부대로271번길 27-9,True
6565,경기도 수원영통구 원천동,35,35,0,주공,49.94,201910,12,23950,3,1987,중부대로271번길 27-9,True
6567,경기도 수원영통구 원천동,35,35,0,주공,49.94,201910,14,25000,12,1987,중부대로271번길 27-9,True
6568,경기도 수원영통구 원천동,35,35,0,주공,41.3,201910,15,20500,8,1987,중부대로271번길 27-9,True
6572,경기도 수원영통구 원천동,35,35,0,주공,49.94,201910,22,25800,12,1987,중부대로271번길 27-9,True
6573,경기도 수원영통구 원천동,35,35,0,주공,49.94,201910,25,25500,2,1987,중부대로271번길 27-9,True
6574,경기도 수원영통구 원천동,35,35,0,주공,49.94,201910,29,24350,15,1987,중부대로271번길 27-9,True
6736,경기도 수원장안구 정자동,913,913,0,대월마을주공,49.8,201910,29,21500,19,2002,천천로74번길 35,True
6901,경기도 수원팔달구 우만동,28,28,0,우만주공1단지,47.25,201910,4,31500,5,1988,중부대로223번길 102,True
6902,경기도 수원팔달구 우만동,28,28,0,우만주공1단지,47.25,201910,7,32500,3,1988,중부대로223번길 102,True
6903,경기도 수원팔달구 우만동,28,28,0,우만주공1단지,38.52,201910,8,28000,2,1988,중부대로223번길 102,True
6904,경기도 수원팔달구 우만동,28,28,0,우만주공1단지,38.52,201910,9,27000,3,1988,중부대로223번길 102,True
6905,경기도 수원팔달구 우만동,28,28,0,우만주공2단지,45.77,201910,14,28750,2,1989,중부대로223번길 92,True
6906,경기도 수원팔달구 우만동,300,300,0,우만주공4단지,49.94,201910,2,20500,4,1992,창룡대로 194,True
6912,경기도 수원팔달구 우만동,300,300,0,우만주공4단지,49.94,201910,23,21100,14,1992,창룡대로 194,True
7006,경기도 수원팔달구 화서동,650,650,0,화서5주공,49.99,201910,25,24500,8,1997,덕영대로697번길 48,True
7549,경기도 안산단원구 고잔동,852,852,0,고잔롯데캐슬골드파크,49.66,201910,17,30800,15,2018, ,True
7614,경기도 안산단원구 고잔동,674,674,0,주공5,46.74,201910,1,26900,5,1986,당곡1로 9,True
7616,경기도 안산단원구 고잔동,674,674,0,주공5,47.1,201910,4,27000,2,1986,당곡1로 9,True
7617,경기도 안산단원구 고잔동,674,674,0,주공5,47.1,201910,8,27400,2,1986,당곡1로 9,True
7618,경기도 안산단원구 고잔동,674,674,0,주공5,47.1,201910,12,27000,3,1986,당곡1로 9,True
7619,경기도 안산단원구 고잔동,674,674,0,주공5,39.72,201910,12,24500,1,1986,당곡1로 9,True
7620,경기도 안산단원구 고잔동,674,674,0,주공5,47.1,201910,15,26700,5,1986,당곡1로 9,True
7621,경기도 안산단원구 고잔동,674,674,0,주공5,39.72,201910,16,25000,1,1986,당곡1로 9,True
7622,경기도 안산단원구 고잔동,674,674,0,주공5,46.74,201910,17,27500,5,1986,당곡1로 9,True
7625,경기도 안산단원구 고잔동,674,674,0,주공5,46.74,201910,23,28000,2,1986,당곡1로 9,True
7626,경기도 안산단원구 고잔동,674,674,0,주공5,46.74,201910,23,27000,1,1986,당곡1로 9,True
7627,경기도 안산단원구 고잔동,674,674,0,주공5,39.72,201910,24,25000,1,1986,당곡1로 9,True
7628,경기도 안산단원구 고잔동,674,674,0,주공5,46.74,201910,28,29000,2,1986,당곡1로 9,True
7629,경기도 안산단원구 고잔동,674,674,0,주공5,39.72,201910,29,25000,2,1986,당곡1로 9,True
7630,경기도 안산단원구 고잔동,676-2,676,2,주공6,39.72,201910,4,21950,2,1986,예술대학로 105,True
7631,경기도 안산단원구 고잔동,676-2,676,2,주공6,47.1,201910,4,26000,4,1986,예술대학로 105,True
7632,경기도 안산단원구 고잔동,676-2,676,2,주공6,47.1,201910,11,26000,3,1986,예술대학로 105,True
7633,경기도 안산단원구 고잔동,676-2,676,2,주공6,39.72,201910,15,22000,3,1986,예술대학로 105,True
7634,경기도 안산단원구 고잔동,676-2,676,2,주공6,39.72,201910,18,22000,3,1986,예술대학로 105,True
7635,경기도 안산단원구 고잔동,676-2,676,2,주공6,39.72,201910,19,22000,2,1986,예술대학로 105,True
7636,경기도 안산단원구 고잔동,676-2,676,2,주공6,46.74,201910,19,26000,5,1986,예술대학로 105,True
7637,경기도 안산단원구 고잔동,676-2,676,2,주공6,46.74,201910,21,25900,2,1986,예술대학로 105,True
7638,경기도 안산단원구 고잔동,676-2,676,2,주공6,47.1,201910,21,26200,5,1986,예술대학로 105,True
7639,경기도 안산단원구 고잔동,676-2,676,2,주공6,39.72,201910,21,22800,4,1986,예술대학로 105,True
7640,경기도 안산단원구 고잔동,676-2,676,2,주공6,39.72,201910,21,22000,5,1986,예술대학로 105,True
7641,경기도 안산단원구 고잔동,676-2,676,2,주공6,39.72,201910,22,23000,4,1986,예술대학로 105,True
7642,경기도 안산단원구 고잔동,676-2,676,2,주공6,46.74,201910,22,26000,3,1986,예술대학로 105,True
7643,경기도 안산단원구 고잔동,676-2,676,2,주공6,46.74,201910,25,26900,3,1986,예술대학로 105,True
7644,경기도 안산단원구 고잔동,676-2,676,2,주공6,46.74,201910,26,27000,1,1986,예술대학로 105,True
7645,경기도 안산단원구 고잔동,676-2,676,2,주공6,39.72,201910,26,22900,5,1986,예술대학로 105,True
7646,경기도 안산단원구 고잔동,676-2,676,2,주공6,39.72,201910,28,24000,4,1986,예술대학로 105,True
7647,경기도 안산단원구 고잔동,676-2,676,2,주공6,47.01,201910,28,27000,1,1986,예술대학로 105,True
8021,경기도 안산상록구 사동,1536,1536,0,푸른마을주공5,49.99,201910,31,20800,9,2000,광덕4로 460,True
8228,경기도 안양동안구 관양동,1587,1587,0,공작럭키,49.8,201910,1,30700,10,1993,학의로 168,True
8229,경기도 안양동안구 관양동,1587,1587,0,공작럭키,49.8,201910,4,30500,4,1993,학의로 168,True
8230,경기도 안양동안구 관양동,1587,1587,0,공작럭키,49.8,201910,6,28300,7,1993,학의로 168,True
8231,경기도 안양동안구 관양동,1587,1587,0,공작럭키,49.8,201910,8,31000,6,1993,학의로 168,True
8232,경기도 안양동안구 관양동,1587,1587,0,공작럭키,49.8,201910,9,28300,6,1993,학의로 168,True
8233,경기도 안양동안구 관양동,1587,1587,0,공작럭키,49.8,201910,18,30000,6,1993,학의로 168,True
8234,경기도 안양동안구 관양동,1587,1587,0,공작럭키,49.8,201910,23,33000,15,1993,학의로 168,True
8235,경기도 안양동안구 관양동,1587,1587,0,공작럭키,49.8,201910,29,30000,2,1993,학의로 168,True
8238,경기도 안양동안구 관양동,1587-5,1587,5,공작성일,39.6,201910,18,22500,8,1993,달안로 153,True
8248,경기도 안양동안구 관양동,1588,1588,0,공작아파트,37.85,201910,16,20300,15,1993,관평로212번길 21,True
8261,경기도 안양동안구 관양동,1463-6,1463,6,상남,46.44,201910,18,23500,1,1988,관양로 179,True
8279,경기도 안양동안구 관양동,1589,1589,0,한가람(세경),49.68,201910,2,33000,15,1996,달안로 110,True
8280,경기도 안양동안구 관양동,1589,1589,0,한가람(세경),49.68,201910,3,30000,13,1996,달안로 110,True
8282,경기도 안양동안구 관양동,1589,1589,0,한가람(세경),49.68,201910,14,32000,2,1996,달안로 110,True
8285,경기도 안양동안구 관양동,1589-1,1589,1,한가람(신라),42.73,201910,12,26700,3,1992,달안로 124,True
8286,경기도 안양동안구 관양동,1589-1,1589,1,한가람(신라),38.33,201910,17,25000,12,1992,달안로 124,True
8289,경기도 안양동안구 관양동,1586,1586,0,한가람(한양),41.09,201910,13,23500,3,1995,학의로 120,True
8290,경기도 안양동안구 관양동,1586,1586,0,한가람(한양),41.09,201910,17,26900,5,1995,학의로 120,True
8291,경기도 안양동안구 관양동,1586,1586,0,한가람(한양),41.09,201910,21,26800,10,1995,학의로 120,True
8293,경기도 안양동안구 관양동,1470-5,1470,5,한미,43.74,201910,12,28000,2,1986,벌말로 161,True
8295,경기도 안양동안구 관양동,1470-5,1470,5,한미,43.74,201910,18,26400,5,1986,벌말로 161,True
8296,경기도 안양동안구 관양동,1470-5,1470,5,한미,49.68,201910,21,32500,2,1986,벌말로 163,True
8297,경기도 안양동안구 관양동,1470-5,1470,5,한미,43.74,201910,23,26500,4,1986,벌말로 161,True
8311,경기도 안양동안구 비산동,1102-7,1102,7,관악성원,33.735,201910,6,23000,7,1992,동안로 209,True
8312,경기도 안양동안구 비산동,1102-7,1102,7,관악성원,33.735,201910,8,20500,10,1992,동안로 209,True
8313,경기도 안양동안구 비산동,1102-7,1102,7,관악성원,33.735,201910,9,21300,4,1992,동안로 209,True
8314,경기도 안양동안구 비산동,1102-7,1102,7,관악성원,49.68,201910,15,33700,10,1992,동안로 209,True
8317,경기도 안양동안구 비산동,1155,1155,0,그린빌주공,49.48,201910,3,24300,3,2003,임곡로80번길 33,True
8321,경기도 안양동안구 비산동,1155,1155,0,그린빌주공,49.48,201910,8,24000,6,2003,임곡로80번길 33,True
8324,경기도 안양동안구 비산동,1155,1155,0,그린빌주공,49.48,201910,12,25800,10,2003,임곡로80번길 33,True
8325,경기도 안양동안구 비산동,1155,1155,0,그린빌주공,49.48,201910,15,26300,3,2003,임곡로80번길 33,True
8326,경기도 안양동안구 비산동,1155,1155,0,그린빌주공,49.48,201910,15,27500,23,2003,임곡로 43,True
8327,경기도 안양동안구 비산동,1155,1155,0,그린빌주공,49.48,201910,16,26400,14,2003,임곡로 43,True
8328,경기도 안양동안구 비산동,1155,1155,0,그린빌주공,49.48,201910,30,27000,5,2003,임곡로 43,True
8329,경기도 안양동안구 비산동,1155,1155,0,그린빌주공,49.48,201910,31,27000,7,2003,임곡로80번길 33,True
8371,경기도 안양동안구 비산동,338,338,0,삼호그린,49.797,201910,12,21000,9,2003,운곡로 76,True
8373,경기도 안양동안구 비산동,1101-2,1101,2,샛별마을한양4-1,42.615,201910,7,24300,14,1993,달안로 61,True
8374,경기도 안양동안구 비산동,1101-2,1101,2,샛별마을한양4-1,42.615,201910,8,25000,12,1993,달안로 61,True
8375,경기도 안양동안구 비산동,1101-2,1101,2,샛별마을한양4-1,41.265,201910,9,26000,8,1993,달안로 61,True
8376,경기도 안양동안구 비산동,1101-2,1101,2,샛별마을한양4-1,42.615,201910,12,25300,13,1993,달안로 61,True
8377,경기도 안양동안구 비산동,1101-2,1101,2,샛별마을한양4-1,41.265,201910,12,25000,7,1993,달안로 61,True
8378,경기도 안양동안구 비산동,1101-2,1101,2,샛별마을한양4-1,42.615,201910,12,24250,6,1993,달안로 61,True
8379,경기도 안양동안구 비산동,1101-2,1101,2,샛별마을한양4-1,42.615,201910,12,24800,7,1993,달안로 61,True
8380,경기도 안양동안구 비산동,1101-2,1101,2,샛별마을한양4-1,42.615,201910,19,24900,4,1993,달안로 61,True
8381,경기도 안양동안구 비산동,1101-2,1101,2,샛별마을한양4-1,41.265,201910,22,26500,11,1993,달안로 61,True
8382,경기도 안양동안구 비산동,1101-2,1101,2,샛별마을한양4-1,41.265,201910,23,22000,1,1993,달안로 61,True
8383,경기도 안양동안구 비산동,1101-2,1101,2,샛별마을한양4-1,42.615,201910,25,24950,6,1993,달안로 61,True
8384,경기도 안양동안구 비산동,1101-2,1101,2,샛별마을한양4-1,41.265,201910,30,24800,9,1993,달안로 61,True
8385,경기도 안양동안구 비산동,1101-8,1101,8,샛별한양4-3,41.265,201910,11,25500,6,1993,달안로 75,True
8386,경기도 안양동안구 비산동,1101-8,1101,8,샛별한양4-3,41.265,201910,16,22200,2,1993,달안로 75,True
8387,경기도 안양동안구 비산동,1109,1109,0,샛별한양6(고층1109),49.68,201910,8,34500,20,1993,달안로 62,True
8388,경기도 안양동안구 비산동,1109,1109,0,샛별한양6(고층1109),42.615,201910,12,27300,7,1993,달안로 62,True
8389,경기도 안양동안구 비산동,1109,1109,0,샛별한양6(고층1109),42.615,201910,16,27750,6,1993,달안로 62,True
8390,경기도 안양동안구 비산동,1109,1109,0,샛별한양6(고층1109),35.1,201910,22,23100,3,1993,달안로 62,True
8391,경기도 안양동안구 비산동,1109,1109,0,샛별한양6(고층1109),42.615,201910,24,27000,4,1993,달안로 62,True
8392,경기도 안양동안구 비산동,1109,1109,0,샛별한양6(고층1109),49.68,201910,25,37700,15,1993,달안로 62,True
8393,경기도 안양동안구 비산동,1109-4,1109,4,샛별한양6(고층1109-4),35.1,201910,7,22500,2,1993,달안로 78,True
8394,경기도 안양동안구 비산동,1109-4,1109,4,샛별한양6(고층1109-4),35.1,201910,23,23300,9,1993,달안로 78,True
8396,경기도 안양동안구 비산동,1109-4,1109,4,샛별한양6(고층1109-4),35.1,201910,30,22000,15,1993,달안로 78,True
8397,경기도 안양동안구 비산동,1109-6,1109,6,샛별한양6(고층1109-6),42.615,201910,1,29000,12,1992,평촌대로253번길 18,True
8398,경기도 안양동안구 비산동,1109-6,1109,6,샛별한양6(고층1109-6),49.68,201910,8,32700,3,1992,평촌대로253번길 18,True
8399,경기도 안양동안구 비산동,1109-6,1109,6,샛별한양6(고층1109-6),49.68,201910,9,37800,9,1992,평촌대로253번길 18,True
8400,경기도 안양동안구 비산동,1109-6,1109,6,샛별한양6(고층1109-6),35.1,201910,14,23280,6,1992,평촌대로253번길 18,True
8401,경기도 안양동안구 비산동,1109-6,1109,6,샛별한양6(고층1109-6),49.68,201910,15,37500,18,1992,평촌대로253번길 18,True
8402,경기도 안양동안구 비산동,1109-6,1109,6,샛별한양6(고층1109-6),49.68,201910,21,37500,13,1992,평촌대로253번길 18,True
8403,경기도 안양동안구 비산동,1109-6,1109,6,샛별한양6(고층1109-6),35.1,201910,21,23000,5,1992,평촌대로253번길 18,True
8406,경기도 안양동안구 비산동,1015,1015,0,영화,38.52,201910,5,23000,3,1988,평촌대로427번길 39,True
8407,경기도 안양동안구 비산동,1103-5,1103,5,은하수마을한양,42.615,201910,9,31000,5,1993,동안로159번길 14,True
8408,경기도 안양동안구 비산동,1103-5,1103,5,은하수마을한양,42.615,201910,12,32500,14,1993,동안로159번길 14,True
8409,경기도 안양동안구 비산동,1103-5,1103,5,은하수마을한양,42.615,201910,19,31000,9,1993,동안로159번길 14,True
8410,경기도 안양동안구 비산동,1103-5,1103,5,은하수마을한양,35.1,201910,25,27000,13,1993,동안로159번길 14,True
8419,경기도 안양동안구 비산동,1030-2,1030,2,청운,49.68,201910,8,30000,1,1988,평촌대로374번길 9-35,True
8426,경기도 안양동안구 비산동,279,279,0,화남8,41.94,201910,4,34000,3,1986,매곡로28번길 11,True
8427,경기도 안양동안구 비산동,279,279,0,화남8,40.32,201910,14,36000,6,1986,매곡로28번길 11,True
8428,경기도 안양동안구 비산동,281-1,281,1,화남9,38.43,201910,3,32000,2,1988,매곡로34번길 13,True
8447,경기도 안양동안구 평촌동,Jan-54,54,1,대도,49.82,201910,4,24035,4,1983,흥안대로434번길 19,True
8448,경기도 안양동안구 평촌동,Jan-54,54,1,대도,40.3,201910,29,27000,1,1983,흥안대로434번길 19,True
8481,경기도 안양동안구 평촌동,896-2,896,2,초원마을세경,49.68,201910,3,34700,5,1996,관평로138번길 13,True
8482,경기도 안양동안구 평촌동,896-2,896,2,초원마을세경,49.68,201910,11,36500,11,1996,관평로138번길 13,True
8483,경기도 안양동안구 평촌동,896-2,896,2,초원마을세경,49.68,201910,26,35500,8,1996,관평로138번길 13,True
8484,경기도 안양동안구 평촌동,896-6,896,6,초원부영,37.85,201910,4,25500,3,1992,관평로138번길 63,True
8486,경기도 안양동안구 평촌동,896-6,896,6,초원부영,37.85,201910,9,25000,8,1992,관평로138번길 63,True
8488,경기도 안양동안구 평촌동,896-6,896,6,초원부영,37.85,201910,19,26500,14,1992,관평로138번길 63,True
8520,경기도 안양동안구 호계동,1052,1052,0,목련마을2단지대우선경,34.44,201910,3,32000,14,1992,동안로 102,True
8530,경기도 안양동안구 호계동,1052-3,1052,3,목련우성,41.62,201910,18,35000,6,1992,평촌대로211번길 21,True
8550,경기도 안양동안구 호계동,992-1,992,1,삼신5차,48.81,201910,15,38450,5,1983,흥안대로155번길 54,True
8551,경기도 안양동안구 호계동,992-1,992,1,삼신5차,48.81,201910,19,40250,2,1983,흥안대로155번길 54,True
8571,경기도 안양동안구 호계동,931-3,931,3,신라(931-3),48.28,201910,4,32500,5,1983,경수대로665번길 32,True
8572,경기도 안양동안구 호계동,931-3,931,3,신라(931-3),46.98,201910,14,28800,5,1983,경수대로665번길 32,True
8573,경기도 안양동안구 호계동,315-17,315,17,신미주,45.45,201910,9,33100,4,1989,경수대로665번길 96,True
8574,경기도 안양동안구 호계동,315-17,315,17,신미주,38.43,201910,14,27550,3,1989,경수대로665번길 96,True
8575,경기도 안양동안구 호계동,315-17,315,17,신미주,45.45,201910,19,34600,5,1989,경수대로665번길 96,True
8586,경기도 안양동안구 호계동,916-2,916,2,유환1차,47.61,201910,2,38000,5,1986,시민대로136번길 43,True
8587,경기도 안양동안구 호계동,993-3,993,3,유환2차,41.58,201910,21,36950,3,1986,흥안대로155번길 47,True
8656,경기도 안양만안구 석수동,322-3,322,3,경일,49.5,201910,6,20100,4,1986,안양로468번길 25-8,True
8803,경기도 안양만안구 안양동,622-76,622,76,삼성원시티,49.41,201910,12,20700,4,2017,만안로159번길 31,True
8845,경기도 안양만안구 안양동,1380,1380,0,주공뜨란채(아),45.9,201910,8,37500,9,2004,안양천서로 289,True
8850,경기도 안양만안구 안양동,1380,1380,0,주공뜨란채(아),45.9,201910,12,37500,15,2004,안양천서로 289,True
8854,경기도 안양만안구 안양동,1380,1380,0,주공뜨란채(아),45.9,201910,15,37500,13,2004,안양천서로 289,True
8855,경기도 안양만안구 안양동,1380,1380,0,주공뜨란채(아),45.9,201910,19,36500,12,2004,안양천서로 289,True
8856,경기도 안양만안구 안양동,1380,1380,0,주공뜨란채(아),45.9,201910,22,35500,2,2004,안양천서로 289,True
8890,경기도 안양만안구 안양동,Mar-97,97,3,진흥(97-3),43.59,201910,31,36000,4,1983,안양천서로 245,True
8902,경기도 안양만안구 안양동,164-11,164,11,현암,35.64,201910,9,25500,5,1987,관악대로 43,True
8903,경기도 안양만안구 안양동,164-11,164,11,현암,35.64,201910,18,32800,3,1987,관악대로 43,True
8904,경기도 안양만안구 안양동,164-11,164,11,현암,35.64,201910,28,30000,3,1987,관악대로 43,True
9445,경기도 용인기흥구 구갈동,385,385,0,풍림(저층),47.82,201910,19,28500,4,1994,구갈로28번길 12,True
9619,경기도 용인기흥구 상갈동,481,481,0,금화마을주공3단지(481),49.85,201910,4,21800,7,2001,금화로11번길 10,True
9830,경기도 용인기흥구 중동,628,628,0,신동백 동도센트리움,35.165,201910,15,21300,11,2016,언동로 207,True
10191,경기도 용인수지구 신봉동,905,905,0,우남퍼스트빌,39.5619,201910,4,22900,15,2004,신봉1로 27,True
10192,경기도 용인수지구 신봉동,905,905,0,우남퍼스트빌,39.5619,201910,11,23200,14,2004,신봉1로 27,True
10193,경기도 용인수지구 신봉동,905,905,0,우남퍼스트빌,39.5619,201910,12,24300,10,2004,신봉1로 27,True
10194,경기도 용인수지구 신봉동,905,905,0,우남퍼스트빌,39.5619,201910,12,23100,14,2004,신봉1로 27,True
10383,경기도 용인수지구 풍덕천동,1104,1104,0,신정마을주공9,49.26,201910,8,41500,10,2000,풍덕천로 76,True
10385,경기도 용인수지구 풍덕천동,1104,1104,0,신정마을주공9,49.26,201910,18,40000,5,2000,풍덕천로 76,True
10692,경기도 의왕시 오전동,842,842,0,목련풍림,49.5,201910,28,22000,14,1994,오전로 163,True
10693,경기도 의왕시 오전동,841,841,0,백합벽산,49.86,201910,7,22500,2,1994,오전로 179,True
10694,경기도 의왕시 오전동,산149-3,149,3,삼신9차,37.2,201910,2,20300,3,1986,모란길 43,True
10695,경기도 의왕시 오전동,산149-3,149,3,삼신9차,37.2,201910,11,20300,4,1986,모란길 43,True
10696,경기도 의왕시 오전동,산149-3,149,3,삼신9차,39.795,201910,11,22300,2,1986,모란길 43,True
10697,경기도 의왕시 오전동,산149-3,149,3,삼신9차,39.795,201910,11,21400,4,1986,모란길 43,True
10698,경기도 의왕시 오전동,산149-3,149,3,삼신9차,39.795,201910,22,22500,4,1986,모란길 43,True
10699,경기도 의왕시 오전동,산149-3,149,3,삼신9차,39.795,201910,24,23000,4,1986,모란길 43,True
10700,경기도 의왕시 오전동,산149-3,149,3,삼신9차,39.795,201910,26,24100,2,1986,모란길 43,True
10701,경기도 의왕시 오전동,산149-3,149,3,삼신9차,37.2,201910,29,23600,2,1986,모란길 43,True
10715,경기도 의왕시 오전동,산148-1,148,1,청호,45.81,201910,9,24700,1,1990,전주남이길 37,True
11151,경기도 의정부시 의정부동,527,527,0,의정부일성트루엘,45.606,201910,18,20500,1,2014,의정로40번길 12,True
12272,경기도 하남시 신장동,528-5,528,5,백송한신,49.98,201910,1,28000,10,1994,대청로 50,True
12273,경기도 하남시 신장동,528-5,528,5,백송한신,49.98,201910,15,28400,9,1994,대청로 50,True
12274,경기도 하남시 신장동,528-5,528,5,백송한신,49.98,201910,16,27250,4,1994,대청로 50,True
12275,경기도 하남시 신장동,528,528,0,백조현대,49.98,201910,4,28800,6,1994,대청로 62,True
12276,경기도 하남시 신장동,528,528,0,백조현대,49.98,201910,7,30500,4,1994,대청로 62,True
12277,경기도 하남시 신장동,528,528,0,백조현대,49.98,201910,8,30000,20,1994,대청로 62,True
12278,경기도 하남시 신장동,528,528,0,백조현대,49.98,201910,10,31000,10,1994,대청로 62,True
12279,경기도 하남시 신장동,528,528,0,백조현대,49.98,201910,11,29000,14,1994,대청로 62,True
12280,경기도 하남시 신장동,528,528,0,백조현대,49.98,201910,12,28700,5,1994,대청로 62,True
12281,경기도 하남시 신장동,528,528,0,백조현대,49.98,201910,14,30700,16,1994,대청로 62,True
12282,경기도 하남시 신장동,528,528,0,백조현대,49.98,201910,15,30800,20,1994,대청로 62,True
12283,경기도 하남시 신장동,528,528,0,백조현대,49.98,201910,16,27000,1,1994,대청로 62,True
12284,경기도 하남시 신장동,528,528,0,백조현대,49.98,201910,21,31000,10,1994,대청로 62,True
12285,경기도 하남시 신장동,528,528,0,백조현대,49.98,201910,21,30800,13,1994,대청로 62,True
12286,경기도 하남시 신장동,528,528,0,백조현대,49.98,201910,21,30700,14,1994,대청로 62,True
12296,경기도 하남시 신장동,527,527,0,하남비둘기한국,44.55,201910,11,26300,15,1996,대청로59번길 15,True
12313,경기도 하남시 창우동,518,518,0,부영,49.58,201910,14,32000,8,1994,대청로 119,True
12314,경기도 하남시 창우동,518,518,0,부영,49.58,201910,15,33000,6,1994,대청로 119,True
12316,경기도 하남시 창우동,518,518,0,부영,49.58,201910,31,33000,7,1994,대청로 119,True
15808,경상남도 창원의창구 신월동,90,90,0,주공,39.72,201910,7,21100,3,1987,신사로 64,True
15809,경상남도 창원의창구 신월동,90,90,0,주공,47.1,201910,8,23600,3,1987,신사로 64,True
15810,경상남도 창원의창구 신월동,90,90,0,주공,39.72,201910,11,20900,2,1987,신사로 64,True
15811,경상남도 창원의창구 신월동,90,90,0,주공,39.72,201910,11,20900,1,1987,신사로 64,True
15812,경상남도 창원의창구 신월동,90,90,0,주공,47.1,201910,11,24000,2,1987,신사로 64,True
15818,경상남도 창원의창구 신월동,90,90,0,주공,47.1,201910,16,24000,5,1987,신사로 64,True
15820,경상남도 창원의창구 신월동,90,90,0,주공,39.72,201910,21,21800,5,1987,신사로 64,True
15821,경상남도 창원의창구 신월동,90,90,0,주공,39.72,201910,23,21850,2,1987,신사로 64,True
15822,경상남도 창원의창구 신월동,90,90,0,주공,39.72,201910,23,22000,3,1987,신사로 64,True
15823,경상남도 창원의창구 신월동,90,90,0,주공,39.72,201910,23,21900,4,1987,신사로 64,True
15824,경상남도 창원의창구 신월동,90,90,0,주공,39.72,201910,25,22000,1,1987,신사로 64,True
15825,경상남도 창원의창구 신월동,90,90,0,주공,39.72,201910,26,22000,2,1987,신사로 64,True
15826,경상남도 창원의창구 신월동,90,90,0,주공,39.72,201910,28,21800,4,1987,신사로 64,True
15827,경상남도 창원의창구 신월동,90,90,0,주공,39.72,201910,28,23000,5,1987,신사로 64,True
15828,경상남도 창원의창구 신월동,90,90,0,주공,39.72,201910,31,24500,5,1987,신사로 64,True
18819,광주광역시 남구 주월동,1186,1186,0,장미,49.65,201910,12,23500,2,1981,대남대로171번길 23,True
19387,광주광역시 북구 운암동,252,252,0,주공3,47.33,201910,9,21000,2,1984,북문대로98번길 50,True
19388,광주광역시 북구 운암동,252,252,0,주공3,47.33,201910,12,21900,4,1984,북문대로98번길 50,True
19392,광주광역시 북구 운암동,252,252,0,주공3,47.33,201910,18,26500,3,1984,북문대로98번길 50,True
19597,광주광역시 서구 쌍촌동,01월 02일,1,2,진성,48.24,201910,9,21000,4,1984,칠성로 131-1,True
19842,대구광역시 달서구 감삼동,479,479,0,감삼에이원,49.2944,201910,10,23000,16,2019,와룡로 145,True
20527,대구광역시 달성군 다사읍 죽곡리,814,814,0,죽곡청아람5단지,49.9536,201910,1,29600,8,2017,대실역남로 11,True
20874,대구광역시 동구 신천동,1507,1507,0,동대구반도유보라,39.7596,201910,12,25000,8,2018,송라로16길 11,True
20914,대구광역시 동구 신천동,499-1,499,1,코스모스,46.985,201910,31,22000,3,1981,화랑로11길 26,True
21227,대구광역시 북구 칠성동2가,403-15,403,15,금성,42.5,201910,14,23000,2,1981,칠성시장로 87-21,True
21519,대구광역시 수성구 범어동,103-2,103,2,경북(B),46.94,201910,3,30900,5,1980,달구벌대로504길 37,True
21535,대구광역시 수성구 범어동,665-1,665,1,범어아진(665-1),49.89,201910,14,28000,2,1981,동대구로38길 80,True
21536,대구광역시 수성구 범어동,665-1,665,1,범어아진(665-1),49.89,201910,17,28800,2,1981,동대구로38길 80,True
21537,대구광역시 수성구 범어동,665-1,665,1,범어아진(665-1),49.89,201910,26,28500,2,1981,동대구로38길 80,True
21539,대구광역시 수성구 범어동,792-43,792,43,범어역아이위시,47.5197,201910,23,25000,9,2013,동대구로59길 14-19,True
21603,대구광역시 수성구 수성동4가,1090-6,1090,6,수성보성,49.21,201910,3,23600,4,1996,수성로 412,True
21604,대구광역시 수성구 수성동4가,1090-6,1090,6,수성보성,49.21,201910,14,23850,5,1996,수성로 412,True
21605,대구광역시 수성구 수성동4가,1090-6,1090,6,수성보성,49.21,201910,31,23900,3,1996,수성로 412,True
21653,대구광역시 수성구 지산동,1200,1200,0,목련,42.66,201910,4,20700,1,1986,용학로42길 13,True
21654,대구광역시 수성구 지산동,1200,1200,0,목련,42.66,201910,7,20550,5,1986,용학로42길 13,True
21655,대구광역시 수성구 지산동,1200,1200,0,목련,42.66,201910,15,21300,5,1986,용학로42길 13,True
21670,대구광역시 수성구 지산동,1234,1234,0,지산1단지,43.035,201910,21,27500,1,1989,용학로 189,True
24136,대전광역시 중구 중촌동,21,21,0,주공,48.6,201910,30,26000,3,1983,목중로54번길 10,True
24370,부산광역시 금정구 구서동,413-43,413,43,구서백리명가에덴,47.56,201910,1,22403,12,2019,금강로 431,True
24371,부산광역시 금정구 구서동,413-43,413,43,구서백리명가에덴,49.86,201910,7,23020,4,2019,금강로 431,True
24373,부산광역시 금정구 구서동,413-43,413,43,구서백리명가에덴,49.86,201910,16,23456,7,2019,금강로 431,True
24433,부산광역시 금정구 부곡동,244-7,244,7,대우,40.95,201910,12,20900,20,1999,부산대학로 10,True
24510,부산광역시 금정구 장전동,604-12,604,12,윤성리버티,49.7526,201910,21,22800,19,2019,온천장로125번길 28-20,True
24521,부산광역시 금정구 장전동,604-21,604,21,파크아트온,49.03,201910,15,22000,8,2018,식물원로29번길 15,True
24522,부산광역시 금정구 장전동,604-21,604,21,파크아트온,49.03,201910,17,21100,2,2018,식물원로29번길 15,True
24523,부산광역시 금정구 장전동,604-21,604,21,파크아트온,49.03,201910,25,22000,7,2018,식물원로29번길 15,True
24683,부산광역시 남구 대연동,1808,1808,0,대연비치,42.93,201910,11,30000,13,1984,황령대로 504,True
24692,부산광역시 남구 대연동,1808,1808,0,대연비치,42.93,201910,23,45000,9,1984,황령대로 504,True
24698,부산광역시 남구 대연동,1808,1808,0,대연비치,42.93,201910,31,34165,13,1984,황령대로 504,True
24699,부산광역시 남구 대연동,1808,1808,0,대연비치,42.93,201910,31,33765,2,1984,황령대로 504,True
24701,부산광역시 남구 대연동,1808,1808,0,대연비치,42.93,201910,31,33905,7,1984,황령대로 504,True
24927,부산광역시 동구 좌천동,1170,1170,0,좌천서린엘마르더뷰,49.4318,201910,21,20300,13,2018,망양로 850,True
24964,부산광역시 동래구 낙민동,265,265,0,부일스톤캐슬,44.92,201910,2,21100,4,2017,충렬대로255번길 12,True
25154,부산광역시 동래구 온천동,182-7,182,7,KH파인우스,43.7575,201910,10,20590,13,2019,온천장로 75,True
25293,부산광역시 부산진구 범전동,9-151,9,151,동원,49.82,201910,5,38000,3,1982,양성로 28,True
25302,부산광역시 부산진구 범전동,263-5,263,5,서면,34.08,201910,18,26000,1,1974,범전로33번길 62-7,True
25313,부산광역시 부산진구 범천동,854-2,854,2,범내골역 이즈팰리스,44.684,201910,15,20500,13,2017,황령대로18번길 22,True
25344,부산광역시 부산진구 범천동,844-3,844,3,우일아내트,49.9544,201910,7,21000,4,2018,중앙번영로 12-1,True
25396,부산광역시 부산진구 양정동,399-1,399,1,한진스카이뷰,49.77,201910,22,20750,8,2015,46,True
25443,부산광역시 부산진구 전포동,312-31,312,31,스윗팰리스,46.4,201910,4,22190,13,2018,전포대로 204,True
25886,부산광역시 사하구 괴정동,550-7,550,7,괴정동 천아하늘정원 2차,49.54,201910,5,25700,9,2016,장평로449번길 26,True
26164,부산광역시 서구 서대신동1가,May-54,54,5,서대신부백더자연애아파트,39.82,201910,8,20524,6,2019,대영로46번길 7,True
26176,부산광역시 서구 서대신동3가,360-13,360,13,세영엘도라도B동,49.87,201910,19,23000,5,2018,구덕로333번길 17,True
26234,부산광역시 수영구 광안동,744-6,744,6,광안 부백 자연애 아파트,46.07,201910,20,25200,13,2018,수영로575번길 10,True
26266,부산광역시 수영구 광안동,199-2,199,2,에이스 로얄 팰리스,49.3,201910,20,34800,8,2019,광남로 102,True
26271,부산광역시 수영구 광안동,662-1,662,1,힐탑더블시티,49.7385,201910,1,20400,19,2015,수영로 641,True
26274,부산광역시 수영구 남천동,556-3,556,3,뉴비치,41.46,201910,4,27700,12,1986,광안해변로15번길 68,True
26285,부산광역시 수영구 남천동,148-4,148,4,삼익비치,41.52,201910,7,40000,6,1979,광안해변로 100,True
26293,부산광역시 수영구 남천동,148-4,148,4,삼익비치,41.52,201910,12,43000,8,1979,광안해변로 100,True
26296,부산광역시 수영구 남천동,148-4,148,4,삼익비치,41.52,201910,16,37800,8,1979,광안해변로 100,True
26301,부산광역시 수영구 남천동,148-4,148,4,삼익비치,41.52,201910,21,42750,7,1979,광안해변로 100,True
26305,부산광역시 수영구 남천동,148-4,148,4,삼익비치,41.52,201910,26,43000,9,1979,광안해변로 100,True
26307,부산광역시 수영구 남천동,148-22,148,22,삼익타워,43.71,201910,1,29300,3,1977,남천동로 46,True
26308,부산광역시 수영구 남천동,148-22,148,22,삼익타워,43.71,201910,7,31000,1,1977,남천동로 46,True
26313,부산광역시 수영구 남천동,148-22,148,22,삼익타워,43.71,201910,26,30000,1,1977,남천동로 46,True
26445,부산광역시 연제구 연산동,1481-5,1481,5,SC아르피나,45.34,201910,16,21854,8,2019,거제천로124번길 60,True
26497,부산광역시 연제구 연산동,859-2,859,2,시청역 퀸즈W,49.9004,201910,29,21500,7,2016,연제로 7,True
26967,부산광역시 해운대구 좌동,1398,1398,0,엘지,49.83,201910,28,20100,7,1996,대천로103번길 61,True
27005,서울특별시 강남구 개포동,141,141,0,개포주공 1단지,41.98,201910,1,180000,4,1982,개포로 310,True
27006,서울특별시 강남구 개포동,141,141,0,개포주공 1단지,35.64,201910,2,153000,2,1982,개포로 310,True
27007,서울특별시 강남구 개포동,141,141,0,개포주공 1단지,42.55,201910,3,205000,4,1982,개포로 310,True
27008,서울특별시 강남구 개포동,141,141,0,개포주공 1단지,42.55,201910,4,207000,2,1982,개포로 310,True
27010,서울특별시 강남구 개포동,141,141,0,개포주공 1단지,41.98,201910,22,180000,5,1982,개포로 310,True
27011,서울특별시 강남구 개포동,141,141,0,개포주공 1단지,35.87,201910,31,196000,3,1982,개포로 310,True
27016,서울특별시 강남구 개포동,12,12,0,삼익대청아파트,39.53,201910,15,101000,15,1992,개포로109길 21,True
27017,서울특별시 강남구 개포동,12,12,0,삼익대청아파트,39.53,201910,24,100000,8,1992,개포로109길 21,True
27018,서울특별시 강남구 개포동,12,12,0,성원대치2단지아파트,33.18,201910,9,88000,3,1992,개포로109길 9,True
27019,서울특별시 강남구 개포동,12,12,0,성원대치2단지아파트,33.18,201910,9,89500,15,1992,개포로109길 9,True
27020,서울특별시 강남구 개포동,12,12,0,성원대치2단지아파트,39.53,201910,11,110000,13,1992,개포로109길 9,True
27021,서울특별시 강남구 개포동,12,12,0,성원대치2단지아파트,33.18,201910,12,89500,3,1992,개포로109길 9,True
27022,서울특별시 강남구 개포동,12,12,0,성원대치2단지아파트,39.53,201910,14,105000,11,1992,개포로109길 9,True
27023,서울특별시 강남구 개포동,12,12,0,성원대치2단지아파트,39.53,201910,26,105000,7,1992,개포로109길 9,True
27024,서울특별시 강남구 개포동,12,12,0,성원대치2단지아파트,39.53,201910,26,105000,7,1992,개포로109길 9,True
27025,서울특별시 강남구 개포동,12,12,0,성원대치2단지아파트,49.86,201910,31,100000,9,1992,개포로109길 9,True
27041,서울특별시 강남구 대치동,889-74,889,74,아름빌(889-74),30.46,201910,22,30000,5,2003,선릉로86길 11,True
27049,서울특별시 강남구 대치동,894,894,0,현대썬앤빌 테헤란,40.04,201910,13,58500,6,2016,삼성로85길 33,True
27050,서울특별시 강남구 대치동,894,894,0,현대썬앤빌 테헤란,36.12,201910,24,58000,6,2016,삼성로85길 33,True
27072,서울특별시 강남구 도곡동,467-19,467,19,현대비젼21,33.1,201910,24,31800,14,1999,언주로30길 10,True
27076,서울특별시 강남구 삼성동,02월 16일,16,2,삼성동힐스테이트 1단지,31.402,201910,5,103000,7,2008,학동로68길 29,True
27085,서울특별시 강남구 수서동,746,746,0,까치마을,34.44,201910,1,75500,13,1993,광평로19길 10,True
27086,서울특별시 강남구 수서동,746,746,0,까치마을,34.44,201910,1,72000,6,1993,광평로19길 10,True
27087,서울특별시 강남구 수서동,746,746,0,까치마을,39.6,201910,7,83500,14,1993,광평로19길 10,True
27088,서울특별시 강남구 수서동,746,746,0,까치마을,39.6,201910,18,86500,10,1993,광평로19길 10,True
27089,서울특별시 강남구 수서동,746,746,0,까치마을,49.5,201910,24,110000,15,1993,광평로19길 10,True
27097,서울특별시 강남구 수서동,736,736,0,신동아,33.18,201910,7,78000,8,1992,광평로47길 17,True
27098,서울특별시 강남구 수서동,736,736,0,신동아,39.51,201910,12,90000,4,1992,광평로47길 17,True
27099,서울특별시 강남구 수서동,736,736,0,신동아,33.18,201910,25,77000,2,1992,광평로47길 17,True
27106,서울특별시 강남구 압구정동,490,490,0,한양1차(영동한양),49.98,201910,3,170000,6,1977,압구정로 321,True
27122,서울특별시 강남구 역삼동,713-11,713,11,역삼 I'PARK,28.246,201910,9,74500,11,2006,역삼로 307,True
27123,서울특별시 강남구 역삼동,713-11,713,11,역삼 I'PARK,28.246,201910,11,76000,8,2006,역삼로 307,True
27124,서울특별시 강남구 역삼동,713-11,713,11,역삼 I'PARK,28.246,201910,12,74000,11,2006,역삼로 307,True
27130,서울특별시 강남구 역삼동,706-11,706,11,우림루미아트1,24.0,201910,11,20500,10,2003,언주로90길 6,True
27132,서울특별시 강남구 역삼동,706-20,706,20,한화진넥스빌,43.58,201910,29,38000,26,2001,언주로86길 11,True
27133,서울특별시 강남구 일원동,711,711,0,수서,49.68,201910,2,84000,1,1992,양재대로55길 12,True
27145,서울특별시 강남구 청담동,122-35,122,35,청담 신원아침도시마인,49.1764,201910,25,75000,10,2013,도산대로85길 30,True
27147,서울특별시 강남구 청담동,134-38,134,38,청담자이,49.619,201910,8,174000,17,2011,영동대로138길 12,True
27202,서울특별시 강동구 길동,388-7,388,7,다성이즈빌,36.35,201910,1,27000,13,2015,천중로42길 69,True
27231,서울특별시 강동구 둔촌동,94-16,94,16,동아,48.1,201910,19,38900,8,1992,진황도로61길 18,True
27302,서울특별시 강동구 명일동,15,15,0,삼익그린2차,42.93,201910,19,65000,2,1983,고덕로 210,True
27322,서울특별시 강동구 성내동,244-8,244,8,늘조은,38.75,201910,12,34250,9,2003,천호대로176길 10-20,True
27323,서울특별시 강동구 성내동,551-4,551,4,다성이즈빌,35.11,201910,2,27500,3,2014,성내로8길 22,True
27325,서울특별시 강동구 성내동,434-13,434,13,다성이즈빌 아파트,34.48,201910,9,34000,3,2016,성내로 91,True
27336,서울특별시 강동구 성내동,194,194,0,에스케이허브진,33.71,201910,15,27900,7,2004,천호대로 1092,True
27374,서울특별시 강동구 천호동,44,44,0,금호아파트,27.61,201910,16,25000,10,1987,양재대로 1557,True
27403,서울특별시 강동구 천호동,410-105,410,105,현대프라자아파트,46.93,201910,2,52000,9,1990,진황도로 18,True
27417,서울특별시 강북구 미아동,8-318,8,318,두예파크빌,48.88,201910,8,22000,1,2005,월계로21나길 27,True
27467,서울특별시 강북구 번동,242,242,0,주공1단지,41.3,201910,4,29000,2,1991,한천로105길 23,True
27468,서울특별시 강북구 번동,242,242,0,주공1단지,49.94,201910,5,36000,10,1991,한천로105길 23,True
27469,서울특별시 강북구 번동,242,242,0,주공1단지,41.3,201910,10,29200,5,1991,한천로105길 23,True
27470,서울특별시 강북구 번동,242,242,0,주공1단지,49.94,201910,11,36500,7,1991,한천로105길 23,True
27485,서울특별시 강북구 수유동,50-20,50,20,태솔캡슬,49.37,201910,17,23500,7,2012,도봉로71가길 35,True
27488,서울특별시 강서구 가양동,1461,1461,0,가양2단지(성지),39.6,201910,5,39000,3,1992,허준로 47,True
27489,서울특별시 강서구 가양동,1461,1461,0,가양2단지(성지),34.44,201910,8,33500,2,1992,허준로 47,True
27490,서울특별시 강서구 가양동,1461,1461,0,가양2단지(성지),39.6,201910,8,33500,1,1992,허준로 47,True
27491,서울특별시 강서구 가양동,1461,1461,0,가양2단지(성지),34.44,201910,9,33500,5,1992,허준로 47,True
27492,서울특별시 강서구 가양동,1461,1461,0,가양2단지(성지),49.56,201910,10,50500,5,1992,허준로 47,True
27493,서울특별시 강서구 가양동,1461,1461,0,가양2단지(성지),34.44,201910,19,34000,12,1992,허준로 47,True
27494,서울특별시 강서구 가양동,1461,1461,0,가양2단지(성지),39.6,201910,28,39500,7,1992,허준로 47,True
27495,서울특별시 강서구 가양동,1461,1461,0,가양2단지(성지),49.56,201910,29,51000,6,1992,허준로 47,True
27496,서울특별시 강서구 가양동,1461,1461,0,가양2단지(성지),34.44,201910,31,34800,10,1992,허준로 47,True
27497,서울특별시 강서구 가양동,1461,1461,0,가양2단지(성지),39.6,201910,31,40900,13,1992,허준로 47,True
27498,서울특별시 강서구 가양동,1485,1485,0,가양6단지,49.5,201910,4,54800,8,1992,허준로 175,True
27499,서울특별시 강서구 가양동,1485,1485,0,가양6단지,39.6,201910,8,42000,7,1992,허준로 175,True
27501,서울특별시 강서구 가양동,1485,1485,0,가양6단지,49.5,201910,13,56900,8,1992,허준로 175,True
27502,서울특별시 강서구 가양동,1485,1485,0,가양6단지,49.5,201910,14,54800,13,1992,허준로 175,True
27503,서울특별시 강서구 가양동,1485,1485,0,가양6단지,49.5,201910,17,54000,12,1992,허준로 175,True
27504,서울특별시 강서구 가양동,1485,1485,0,가양6단지,49.5,201910,18,50000,1,1992,허준로 175,True
27505,서울특별시 강서구 가양동,1485,1485,0,가양6단지,39.6,201910,18,42500,6,1992,허준로 175,True
27506,서울특별시 강서구 가양동,1485,1485,0,가양6단지,49.5,201910,29,55000,9,1992,허준로 175,True
27509,서울특별시 강서구 가양동,1490,1490,0,가양도시개발9-2단지,34.44,201910,4,34900,2,1993,허준로 234,True
27510,서울특별시 강서구 가양동,1490,1490,0,가양도시개발9-2단지,49.5,201910,9,52500,14,1993,허준로 234,True
27511,서울특별시 강서구 가양동,1490,1490,0,가양도시개발9-2단지,34.44,201910,11,37500,11,1993,허준로 234,True
27512,서울특별시 강서구 가양동,1490,1490,0,가양도시개발9-2단지,39.6,201910,11,40000,2,1993,허준로 234,True
27513,서울특별시 강서구 가양동,1490,1490,0,가양도시개발9-2단지,49.5,201910,12,54300,9,1993,허준로 234,True
27515,서울특별시 강서구 가양동,1475,1475,0,강변,39.6,201910,1,42000,11,1992,허준로 139,True
27516,서울특별시 강서구 가양동,1475,1475,0,강변,39.6,201910,1,41200,8,1992,허준로 139,True
27517,서울특별시 강서구 가양동,1475,1475,0,강변,34.44,201910,5,35250,9,1992,허준로 139,True
27518,서울특별시 강서구 가양동,1475,1475,0,강변,34.44,201910,12,35500,3,1992,허준로 139,True
27519,서울특별시 강서구 가양동,1475,1475,0,강변,39.6,201910,14,44750,9,1992,허준로 139,True
27520,서울특별시 강서구 가양동,1475,1475,0,강변,34.44,201910,15,34800,6,1992,허준로 139,True
27521,서울특별시 강서구 가양동,1475,1475,0,강변,34.44,201910,16,35700,11,1992,허준로 139,True
27522,서울특별시 강서구 가양동,1475,1475,0,강변,39.6,201910,22,42000,8,1992,허준로 139,True
27523,서울특별시 강서구 가양동,1475,1475,0,강변,39.6,201910,23,37000,3,1992,허준로 139,True
27566,서울특별시 강서구 등촌동,707,707,0,"등촌7,8단지주공아파트",41.85,201910,7,42000,6,1994,공항대로43길 104,True
27567,서울특별시 강서구 등촌동,707,707,0,"등촌7,8단지주공아파트",41.85,201910,8,43800,8,1994,공항대로43길 104,True
27568,서울특별시 강서구 등촌동,707,707,0,"등촌7,8단지주공아파트",41.85,201910,9,42400,6,1994,공항대로43길 104,True
27569,서울특별시 강서구 등촌동,707,707,0,"등촌7,8단지주공아파트",41.85,201910,23,41500,3,1994,공항대로43길 104,True
27570,서울특별시 강서구 등촌동,707,707,0,"등촌7,8단지주공아파트",41.85,201910,29,41000,15,1994,공항대로43길 104,True
27587,서울특별시 강서구 등촌동,688,688,0,주공3,37.67,201910,20,42000,2,1995,강서로56나길 37,True
27590,서울특별시 강서구 등촌동,695,695,0,주공5,37.67,201910,9,39800,3,1995,공항대로39길 74,True
27591,서울특별시 강서구 등촌동,695,695,0,주공5,37.67,201910,11,41500,5,1995,공항대로39길 74,True
27624,서울특별시 강서구 방화동,814,814,0,방화5,33.18,201910,2,30900,5,1994,금낭화로 287-19,True
27625,서울특별시 강서구 방화동,814,814,0,방화5,33.18,201910,12,31000,11,1994,금낭화로 287-19,True
27626,서울특별시 강서구 방화동,814,814,0,방화5,39.6,201910,13,34700,6,1994,금낭화로 287-19,True
27627,서울특별시 강서구 방화동,814,814,0,방화5,33.18,201910,14,30500,7,1994,금낭화로 287-19,True
27628,서울특별시 강서구 방화동,814,814,0,방화5,39.6,201910,18,34700,3,1994,금낭화로 287-19,True
27629,서울특별시 강서구 방화동,814,814,0,방화5,49.77,201910,21,45700,12,1994,금낭화로 287-19,True
27630,서울특별시 강서구 방화동,814,814,0,방화5,39.6,201910,30,34500,13,1994,금낭화로 287-19,True
27631,서울특별시 강서구 방화동,839,839,0,방화그린,33.6,201910,1,25000,2,1993,방화대로48길 40,True
27632,서울특별시 강서구 방화동,839,839,0,방화그린,49.77,201910,4,34000,8,1993,방화대로48길 40,True
27633,서울특별시 강서구 방화동,839,839,0,방화그린,39.76,201910,18,28000,2,1993,방화대로48길 40,True
27634,서울특별시 강서구 방화동,839,839,0,방화그린,49.77,201910,21,37500,5,1993,방화대로48길 40,True
27637,서울특별시 강서구 방화동,841,841,0,장미,39.96,201910,19,31700,5,1994,양천로 125,True
27638,서울특별시 강서구 방화동,832,832,0,청솔,39.36,201910,8,33500,7,1994,방화대로47길 55,True
27640,서울특별시 강서구 방화동,832,832,0,청솔,39.36,201910,22,30100,5,1994,방화대로47길 55,True
27643,서울특별시 강서구 방화동,286-1,286,1,한미(286-1),47.22,201910,9,36400,2,1988,양천로23길 9,True
27644,서울특별시 강서구 방화동,286-1,286,1,한미(286-1),40.02,201910,18,28800,4,1988,양천로23길 8,True
27645,서울특별시 강서구 방화동,286-1,286,1,한미(286-1),40.02,201910,19,29700,1,1988,양천로23길 8,True
27646,서울특별시 강서구 방화동,286-1,286,1,한미(286-1),47.22,201910,29,37000,3,1988,양천로23길 9,True
27708,서울특별시 강서구 화곡동,917-5,917,5,남광아파트,45.53,201910,9,24000,11,2015,곰달래로22길 18,True
27709,서울특별시 강서구 화곡동,920-15,920,15,남광아파트,32.07,201910,14,21000,9,2017,곰달래로18길 3,True
27712,서울특별시 강서구 화곡동,918-14,918,14,도양라비앙아파트,48.88,201910,31,27600,5,2016,곰달래로22길 15,True
27713,서울특별시 강서구 화곡동,899-13,899,13,드림시드아파트 1차,40.18,201910,10,29800,9,2017,강서로7길 20-10,True
27716,서울특별시 강서구 화곡동,926-3,926,3,메종드로제,49.26,201910,25,38600,12,2019,곰달래로18길 33-1,True
27725,서울특별시 강서구 화곡동,918-38,918,38,성재센트리움,39.27,201910,11,23000,7,2016,곰달래로22길 5,True
27753,서울특별시 강서구 화곡동,925-5,925,5,풍원팰리스,43.8,201910,23,24400,6,2012,곰달래로20길 18,True
27754,서울특별시 강서구 화곡동,899-8,899,8,한울아파트,28.82,201910,4,24200,5,2018,강서로7길 18,True
27755,서울특별시 강서구 화곡동,899-8,899,8,한울아파트,28.82,201910,8,24200,4,2018,강서로7길 18,True
27850,서울특별시 관악구 봉천동,1500,1500,0,해바라기,49.02,201910,17,43000,5,1978,보라매로6길 33,True
27864,서울특별시 관악구 신림동,746-43,746,43,건영1,41.04,201910,23,31400,11,1984,문성로 74,True
27867,서울특별시 관악구 신림동,746-43,746,43,건영1,41.04,201910,28,33000,4,1984,문성로 74,True
27868,서울특별시 관악구 신림동,721-2,721,2,건영2,43.92,201910,21,26400,1,1988,난곡로35길 28-7,True
27925,서울특별시 관악구 신림동,1694,1694,0,신림현대,34.86,201910,25,31500,8,1993,신림로29길 8,True
28146,서울특별시 구로구 고척동,Mar-97,97,3,삼명,43.74,201910,4,21000,5,1977,경서로1길 14,True
28166,서울특별시 구로구 구로동,1265,1265,0,구로두산,44.64,201910,7,32800,24,1998,도림로 59,True
28167,서울특별시 구로구 구로동,1265,1265,0,구로두산,44.64,201910,10,31500,6,1998,도림로 59,True
28168,서울특별시 구로구 구로동,1265,1265,0,구로두산,44.64,201910,14,31500,4,1998,도림로 59,True
28171,서울특별시 구로구 구로동,1265,1265,0,구로두산,44.64,201910,28,32100,8,1998,도림로 59,True
28172,서울특별시 구로구 구로동,1265,1265,0,구로두산,44.64,201910,31,33000,17,1998,도림로 59,True
28174,서울특별시 구로구 구로동,1278,1278,0,구로두산위브,36.88,201910,9,34000,9,2006,디지털로31길 85,True
28176,서울특별시 구로구 구로동,1278,1278,0,구로두산위브,36.88,201910,25,34900,9,2006,디지털로31길 85,True
28200,서울특별시 구로구 구로동,120,120,0,대림우성2,43.79,201910,17,31380,6,1987,도림천로 344,True
28205,서울특별시 구로구 구로동,98-14,98,14,마인드에코프라움,37.89,201910,7,34500,8,2019,구로중앙로18길 11-1,True
28258,서울특별시 구로구 구로동,685-223,685,223,주공2,32.39,201910,9,34950,6,1987,구일로4길 22,True
28259,서울특별시 구로구 구로동,685-223,685,223,주공2,47.34,201910,26,42500,5,1987,구일로4길 22,True
28264,서울특별시 구로구 구로동,642-9,642,9,한신,35.277,201910,8,27200,2,1988,구일로8길 63,True
28266,서울특별시 구로구 구로동,642-9,642,9,한신,45.563,201910,10,35300,3,1988,구일로8길 63,True
28267,서울특별시 구로구 구로동,642-9,642,9,한신,45.563,201910,21,34000,15,1988,구일로8길 63,True
28268,서울특별시 구로구 구로동,642-9,642,9,한신,44.78,201910,21,35500,12,1988,구일로8길 63,True
28331,서울특별시 구로구 신도림동,290,290,0,미성,37.91,201910,12,31500,4,1987,신도림로11가길 36,True
28334,서울특별시 구로구 신도림동,290,290,0,미성,37.91,201910,17,33500,11,1987,신도림로11가길 36,True
28335,서울특별시 구로구 신도림동,290,290,0,미성,37.91,201910,30,33500,2,1987,신도림로11가길 36,True
28396,서울특별시 금천구 가산동,140-36,140,36,비즈트위트바이올렛5차,30.37,201910,5,20300,15,2014,디지털로12길 15,True
28397,서울특별시 금천구 가산동,140-36,140,36,비즈트위트바이올렛5차,30.37,201910,22,23500,15,2014,디지털로12길 15,True
28421,서울특별시 금천구 독산동,1088,1088,0,독산주공14단지,44.89,201910,2,25200,13,1990,한내로 69-54,True
28422,서울특별시 금천구 독산동,1088,1088,0,독산주공14단지,44.94,201910,2,26500,8,1990,한내로 69-54,True
28423,서울특별시 금천구 독산동,1088,1088,0,독산주공14단지,38.64,201910,7,22500,2,1990,한내로 69-54,True
28424,서울특별시 금천구 독산동,1088,1088,0,독산주공14단지,44.94,201910,8,25000,5,1990,한내로 69-54,True
28427,서울특별시 금천구 독산동,1088,1088,0,독산주공14단지,38.64,201910,31,23000,7,1990,한내로 69-54,True
28468,서울특별시 금천구 시흥동,384-12,384,12,남서울건영2,41.34,201910,9,22200,13,1989,독산로10길 96,True
28469,서울특별시 금천구 시흥동,384-12,384,12,남서울건영2,41.34,201910,11,22450,9,1989,독산로10길 96,True
28470,서울특별시 금천구 시흥동,384-12,384,12,남서울건영2,41.34,201910,20,22300,6,1989,독산로10길 96,True
28483,서울특별시 금천구 시흥동,1002-1,1002,1,럭키남서울,41.22,201910,5,35000,1,1981,시흥대로47길 43,True
28484,서울특별시 금천구 시흥동,1002-1,1002,1,럭키남서울,49.75,201910,6,47000,5,1981,시흥대로47길 43,True
28485,서울특별시 금천구 시흥동,1002-1,1002,1,럭키남서울,49.75,201910,10,40300,5,1981,시흥대로47길 43,True
28486,서울특별시 금천구 시흥동,1002-1,1002,1,럭키남서울,41.22,201910,21,29800,5,1981,시흥대로47길 43,True
28487,서울특별시 금천구 시흥동,1002-1,1002,1,럭키남서울,41.22,201910,29,32500,12,1981,시흥대로47길 43,True
28511,서울특별시 금천구 시흥동,999-1,999,1,산호시티빌,41.58,201910,19,23000,14,2003,시흥대로 251,True
28540,서울특별시 금천구 시흥동,220-2,220,2,현대(220-2),49.14,201910,10,34000,4,1984,탑골로3길 50,True
28563,서울특별시 노원구 공릉동,109,109,0,비선아파트,48.6,201910,5,31400,5,1999,화랑로51길 78,True
28569,서울특별시 노원구 공릉동,109,109,0,비선아파트,48.6,201910,22,34000,12,1999,화랑로51길 78,True
28573,서울특별시 노원구 공릉동,714,714,0,삼익4단지아파트,39.6,201910,16,24000,1,1994,동일로198가길 13,True
28579,서울특별시 노원구 공릉동,707,707,0,시영2단지(라이프)아파트,39.6,201910,1,24000,5,1994,동일로198가길 149,True
28580,서울특별시 노원구 공릉동,707,707,0,시영2단지(라이프)아파트,39.6,201910,15,24200,6,1994,동일로198가길 149,True
28581,서울특별시 노원구 공릉동,707,707,0,시영2단지(라이프)아파트,34.44,201910,19,21500,15,1994,섬밭로 156,True
28582,서울특별시 노원구 공릉동,715,715,0,시영3차(라이프)아파트,49.5,201910,4,33000,6,1994,섬밭로 123,True
28583,서울특별시 노원구 공릉동,715,715,0,시영3차(라이프)아파트,49.5,201910,7,32900,6,1994,섬밭로 123,True
28584,서울특별시 노원구 공릉동,715,715,0,시영3차(라이프)아파트,39.6,201910,9,22700,15,1994,섬밭로 123,True
28585,서울특별시 노원구 공릉동,715,715,0,시영3차(라이프)아파트,49.5,201910,9,33000,14,1994,섬밭로 123,True
28586,서울특별시 노원구 공릉동,715,715,0,시영3차(라이프)아파트,34.44,201910,12,20900,6,1994,섬밭로 123,True
28587,서울특별시 노원구 공릉동,715,715,0,시영3차(라이프)아파트,39.6,201910,18,25000,4,1994,섬밭로 123,True
28588,서울특별시 노원구 공릉동,715,715,0,시영3차(라이프)아파트,49.5,201910,26,32700,15,1994,섬밭로 123,True
28589,서울특별시 노원구 공릉동,715,715,0,시영3차(라이프)아파트,39.6,201910,30,25500,11,1994,섬밭로 123,True
28590,서울특별시 노원구 공릉동,715,715,0,시영3차(라이프)아파트,39.6,201910,31,27900,13,1994,섬밭로 123,True
28596,서울특별시 노원구 공릉동,81,81,0,태강아파트,49.6,201910,1,33000,4,1999,공릉로34길 62,True
28597,서울특별시 노원구 공릉동,81,81,0,태강아파트,49.6,201910,11,34000,4,1999,공릉로34길 62,True
28598,서울특별시 노원구 공릉동,81,81,0,태강아파트,49.6,201910,12,34800,13,1999,공릉로34길 62,True
28599,서울특별시 노원구 공릉동,81,81,0,태강아파트,49.6,201910,12,32000,13,1999,공릉로34길 62,True
28600,서울특별시 노원구 공릉동,81,81,0,태강아파트,49.6,201910,15,33700,11,1999,공릉로34길 62,True
28601,서울특별시 노원구 공릉동,81,81,0,태강아파트,49.6,201910,21,31500,2,1999,공릉로34길 62,True
28629,서울특별시 노원구 상계동,173-1,173,1,벽산,43.35,201910,2,23200,3,1989,한글비석로 396,True
28631,서울특별시 노원구 상계동,173-1,173,1,벽산,43.35,201910,8,24800,6,1989,한글비석로 396,True
28632,서울특별시 노원구 상계동,173-1,173,1,벽산,46.8,201910,9,27800,8,1989,한글비석로 396,True
28633,서울특별시 노원구 상계동,173-1,173,1,벽산,43.35,201910,9,24700,5,1989,한글비석로 396,True
28634,서울특별시 노원구 상계동,173-1,173,1,벽산,43.35,201910,12,25800,9,1989,한글비석로 396,True
28635,서울특별시 노원구 상계동,173-1,173,1,벽산,46.8,201910,15,25800,15,1989,한글비석로 396,True
28636,서울특별시 노원구 상계동,173-1,173,1,벽산,46.8,201910,17,26000,13,1989,한글비석로 396,True
28642,서울특별시 노원구 상계동,639,639,0,보람1단지,44.33,201910,9,27900,14,1988,한글비석로 479,True
28644,서울특별시 노원구 상계동,639,639,0,보람1단지,44.33,201910,11,27700,5,1988,한글비석로 479,True
28660,서울특별시 노원구 상계동,765,765,0,상계주공1(고층),32.39,201910,2,25700,1,1988,동일로213길 21,True
28663,서울특별시 노원구 상계동,765,765,0,상계주공1(고층),49.94,201910,7,35200,7,1988,덕릉로 459-21,True
28664,서울특별시 노원구 상계동,765,765,0,상계주공1(고층),32.39,201910,11,27000,10,1988,동일로213길 21,True
28665,서울특별시 노원구 상계동,765,765,0,상계주공1(고층),32.39,201910,12,26500,11,1988,동일로213길 21,True
28670,서울특별시 노원구 상계동,666,666,0,상계주공10(고층),49.94,201910,1,40900,3,1988,노원로 564,True
28671,서울특별시 노원구 상계동,666,666,0,상계주공10(고층),45.77,201910,3,34500,1,1988,노원로 564,True
28672,서울특별시 노원구 상계동,666,666,0,상계주공10(고층),49.94,201910,3,43500,8,1988,노원로 564,True
28674,서울특별시 노원구 상계동,666,666,0,상계주공10(고층),45.9,201910,5,35500,6,1988,노원로 564,True
28675,서울특별시 노원구 상계동,666,666,0,상계주공10(고층),49.94,201910,9,43700,12,1988,노원로 564,True
28676,서울특별시 노원구 상계동,666,666,0,상계주공10(고층),49.94,201910,9,43700,11,1988,노원로 564,True
28677,서울특별시 노원구 상계동,666,666,0,상계주공10(고층),49.94,201910,9,41200,12,1988,노원로 564,True
28679,서울특별시 노원구 상계동,666,666,0,상계주공10(고층),45.77,201910,31,36800,10,1988,노원로 564,True
28680,서울특별시 노원구 상계동,666,666,0,상계주공10(저층),47.34,201910,3,38900,3,1988,노원로 564,True
28683,서울특별시 노원구 상계동,652,652,0,상계주공11(고층),41.3,201910,7,32200,3,1988,동일로227길 25,True
28685,서울특별시 노원구 상계동,652,652,0,상계주공11(고층),41.3,201910,12,30000,12,1988,동일로227길 25,True
28686,서울특별시 노원구 상계동,652,652,0,상계주공11(고층),41.3,201910,15,35000,7,1988,동일로227길 25,True
28689,서울특별시 노원구 상계동,652,652,0,상계주공11(고층),41.3,201910,24,32800,9,1988,동일로227길 25,True
28690,서울특별시 노원구 상계동,652,652,0,상계주공11(고층),49.94,201910,25,40700,6,1988,동일로227길 25,True
28693,서울특별시 노원구 상계동,647,647,0,상계주공12(고층),41.3,201910,18,29500,13,1988,한글비석로 530,True
28694,서울특별시 노원구 상계동,647,647,0,상계주공12(고층),49.94,201910,19,35200,15,1988,한글비석로 530,True
28695,서울특별시 노원구 상계동,647,647,0,상계주공12(고층),41.3,201910,22,29000,2,1988,한글비석로 530,True
28696,서울특별시 노원구 상계동,647,647,0,상계주공12(고층),41.3,201910,24,29000,3,1988,한글비석로 530,True
28697,서울특별시 노원구 상계동,647,647,0,상계주공12(고층),49.94,201910,24,38000,7,1988,한글비석로 530,True
28698,서울특별시 노원구 상계동,637,637,0,상계주공13(고층),49.94,201910,5,28000,15,1989,한글비석로54길 92,True
28699,서울특별시 노원구 상계동,637,637,0,상계주공13(고층),45.9,201910,10,24000,15,1989,한글비석로54길 92,True
28700,서울특별시 노원구 상계동,626,626,0,상계주공14(고층),45.55,201910,1,26700,5,1989,수락산로 174,True
28701,서울특별시 노원구 상계동,626,626,0,상계주공14(고층),49.94,201910,1,37000,9,1989,동일로228길 23,True
28703,서울특별시 노원구 상계동,626,626,0,상계주공14(고층),45.9,201910,7,25700,3,1989,수락산로 174,True
28704,서울특별시 노원구 상계동,626,626,0,상계주공14(고층),49.94,201910,12,35500,2,1989,동일로228길 23,True
28705,서울특별시 노원구 상계동,626,626,0,상계주공14(고층),49.94,201910,19,36000,7,1989,동일로228길 23,True
28706,서울특별시 노원구 상계동,626,626,0,상계주공14(고층),45.55,201910,28,27500,5,1989,수락산로 174,True
28707,서울특별시 노원구 상계동,626,626,0,상계주공14(고층),45.55,201910,29,27000,2,1989,수락산로 174,True
28712,서울특별시 노원구 상계동,624,624,0,상계주공16(고층),45.77,201910,9,27150,3,1988,동일로227길 86,True
28715,서울특별시 노원구 상계동,624,624,0,상계주공16(고층),45.77,201910,20,27500,4,1988,동일로227길 86,True
28716,서울특별시 노원구 상계동,740,740,0,상계주공2(고층),32.39,201910,3,30000,9,1987,동일로215길 23,True
28723,서울특별시 노원구 상계동,740,740,0,상계주공2(고층),32.39,201910,18,29000,2,1987,동일로215길 23,True
28724,서울특별시 노원구 상계동,740,740,0,상계주공2(고층),32.39,201910,21,32200,11,1987,동일로215길 23,True
28737,서울특별시 노원구 상계동,749-5,749,5,상계주공4(고층),32.39,201910,11,27000,5,1988,동일로214길 21,True
28741,서울특별시 노원구 상계동,749-5,749,5,상계주공4(고층),37.46,201910,17,31700,8,1988,동일로 1356,True
28742,서울특별시 노원구 상계동,749-5,749,5,상계주공4(고층),41.3,201910,23,35000,4,1988,동일로214길 21,True
28743,서울특별시 노원구 상계동,721,721,0,상계주공5(저층),31.98,201910,12,42000,4,1987,동일로216길 47,True
28744,서울특별시 노원구 상계동,721,721,0,상계주공5(저층),31.98,201910,16,42500,5,1987,동일로216길 47,True
28745,서울특별시 노원구 상계동,721,721,0,상계주공5(저층),31.98,201910,22,45000,4,1987,동일로216길 47,True
28746,서울특별시 노원구 상계동,720,720,0,상계주공6(고층),49.94,201910,1,44500,5,1988,노해로 508,True
28748,서울특별시 노원구 상계동,720,720,0,상계주공6(고층),41.3,201910,4,36000,15,1988,노해로 508,True
28752,서울특별시 노원구 상계동,720,720,0,상계주공6(고층),38.0,201910,14,34500,8,1988,동일로 1384,True
28753,서울특별시 노원구 상계동,720,720,0,상계주공6(고층),37.46,201910,15,35600,5,1988,동일로 1390,True
28755,서울특별시 노원구 상계동,720,720,0,상계주공6(고층),41.3,201910,18,36200,5,1988,노해로 508,True
28757,서울특별시 노원구 상계동,720,720,0,상계주공6(고층),41.3,201910,24,36500,10,1988,노해로 508,True
28761,서울특별시 노원구 상계동,691,691,0,상계주공7(고층),49.94,201910,5,53000,9,1988,동일로 1456,True
28762,서울특별시 노원구 상계동,691,691,0,상계주공7(고층),45.9,201910,8,37500,6,1988,동일로 1456,True
28763,서울특별시 노원구 상계동,691,691,0,상계주공7(고층),45.55,201910,10,36800,1,1988,동일로 1456,True
28765,서울특별시 노원구 상계동,691,691,0,상계주공7(고층),45.9,201910,14,38000,1,1988,동일로 1456,True
28766,서울특별시 노원구 상계동,691,691,0,상계주공7(고층),45.9,201910,14,38000,1,1988,동일로 1456,True
28767,서울특별시 노원구 상계동,691,691,0,상계주공7(고층),45.55,201910,15,35500,1,1988,동일로 1456,True
28768,서울특별시 노원구 상계동,691,691,0,상계주공7(고층),49.94,201910,17,47800,13,1988,동일로 1456,True
28769,서울특별시 노원구 상계동,691,691,0,상계주공7(고층),45.55,201910,18,39800,10,1988,동일로 1456,True
28771,서울특별시 노원구 상계동,691,691,0,상계주공7(고층),49.94,201910,19,47700,14,1988,동일로 1456,True
28773,서울특별시 노원구 상계동,670,670,0,상계주공9(고층),45.9,201910,4,31000,3,1988,노원로 532,True
28775,서울특별시 노원구 상계동,670,670,0,상계주공9(고층),49.94,201910,15,34800,15,1988,노원로 532,True
28777,서울특별시 노원구 상계동,670,670,0,상계주공9(고층),45.9,201910,15,29800,15,1988,노원로 532,True
28778,서울특별시 노원구 상계동,670,670,0,상계주공9(고층),45.55,201910,21,32650,11,1988,노원로 532,True
28779,서울특별시 노원구 상계동,670,670,0,상계주공9(고층),45.9,201910,24,28000,1,1988,노원로 532,True
28785,서울특별시 노원구 상계동,1255,1255,0,은빛1단지,49.77,201910,2,29600,15,1998,동일로245길 162,True
28790,서울특별시 노원구 상계동,1256,1256,0,은빛2단지,49.77,201910,11,29800,1,1998,동일로245가길 41,True
28791,서울특별시 노원구 상계동,1256,1256,0,은빛2단지,49.77,201910,12,30400,3,1998,동일로245가길 41,True
28794,서울특별시 노원구 상계동,1256,1256,0,은빛2단지,49.77,201910,22,30800,11,1998,동일로245가길 41,True
28799,서울특별시 노원구 상계동,1276,1276,0,청암2단지,49.77,201910,8,29800,4,2001,덕릉로94가길 20,True
28801,서울특별시 노원구 상계동,1276,1276,0,청암2단지,49.77,201910,14,31500,11,2001,덕릉로94가길 20,True
28802,서울특별시 노원구 상계동,1276,1276,0,청암2단지,49.77,201910,19,28800,2,2001,덕릉로94가길 20,True
28803,서울특별시 노원구 상계동,1276,1276,0,청암2단지,49.77,201910,22,31400,10,2001,덕릉로94가길 20,True
28804,서울특별시 노원구 상계동,1276,1276,0,청암2단지,49.77,201910,24,30300,10,2001,덕릉로94가길 20,True
28805,서울특별시 노원구 상계동,1276,1276,0,청암2단지,49.77,201910,30,29800,13,2001,덕릉로94가길 20,True
28832,서울특별시 노원구 월계동,13,13,0,미성,33.28,201910,7,39800,1,1986,마들로 59,True
28833,서울특별시 노원구 월계동,320-11,320,11,사슴3,33.18,201910,2,23500,12,1995,월계로55길 15,True
28834,서울특별시 노원구 월계동,320-11,320,11,사슴3,39.6,201910,2,27000,4,1995,월계로55길 15,True
28835,서울특별시 노원구 월계동,320-11,320,11,사슴3,33.18,201910,3,23400,8,1995,월계로55길 15,True
28836,서울특별시 노원구 월계동,320-11,320,11,사슴3,49.5,201910,7,29700,10,1995,월계로55길 15,True
28837,서울특별시 노원구 월계동,320-11,320,11,사슴3,49.5,201910,12,34300,11,1995,월계로55길 15,True
28838,서울특별시 노원구 월계동,320-11,320,11,사슴3,39.6,201910,29,27000,4,1995,월계로55길 15,True
28841,서울특별시 노원구 월계동,322-1,322,1,성원(사슴4),39.6,201910,3,28000,8,1995,마들로3길 37,True
28842,서울특별시 노원구 월계동,322-1,322,1,성원(사슴4),39.6,201910,3,27000,8,1995,마들로3길 37,True
28851,서울특별시 노원구 월계동,556,556,0,주공2,44.94,201910,8,22500,15,1992,초안산로1길 18,True
28852,서울특별시 노원구 월계동,556,556,0,주공2,44.52,201910,9,26000,8,1992,초안산로1길 18,True
28853,서울특별시 노원구 월계동,556,556,0,주공2,44.52,201910,9,25750,12,1992,초안산로1길 18,True
28856,서울특별시 노원구 월계동,556,556,0,주공2,44.52,201910,17,25300,7,1992,초안산로1길 18,True
28857,서울특별시 노원구 월계동,780,780,0,청백3,49.77,201910,7,24000,1,1998,월계로45가길 89,True
28858,서울특별시 노원구 월계동,780,780,0,청백3,49.77,201910,23,26500,5,1998,월계로45가길 89,True
28860,서울특별시 노원구 월계동,781,781,0,청백4,49.77,201910,2,23800,4,1998,월계로45가길 94,True
28861,서울특별시 노원구 월계동,923,923,0,초안1,49.6,201910,2,21800,6,1998,덕릉로60길 185,True
28906,서울특별시 노원구 중계동,369,369,0,주공2,44.52,201910,2,30000,8,1992,한글비석로14길 8,True
28907,서울특별시 노원구 중계동,369,369,0,주공2,44.52,201910,15,30000,9,1992,한글비석로14길 8,True
28908,서울특별시 노원구 중계동,369,369,0,주공2,44.52,201910,18,28000,4,1992,한글비석로14길 8,True
28909,서울특별시 노원구 중계동,369,369,0,주공2,44.52,201910,24,30300,10,1992,한글비석로14길 8,True
28911,서울특별시 노원구 중계동,359-1,359,1,주공5,44.52,201910,2,33300,10,1992,중계로 230,True
28912,서울특별시 노원구 중계동,359-1,359,1,주공5,44.94,201910,4,34000,14,1992,중계로 230,True
28913,서울특별시 노원구 중계동,359-1,359,1,주공5,44.52,201910,8,33000,12,1992,중계로 230,True
28914,서울특별시 노원구 중계동,359-1,359,1,주공5,44.94,201910,11,35000,14,1992,중계로 230,True
28915,서울특별시 노원구 중계동,359-1,359,1,주공5,44.52,201910,12,35000,5,1992,중계로 230,True
28917,서울특별시 노원구 중계동,364-12,364,12,주공6,44.1,201910,23,34900,6,1993,한글비석로8길 41,True
28918,서울특별시 노원구 중계동,364-12,364,12,주공6,44.1,201910,25,34500,4,1993,한글비석로8길 41,True
28919,서울특별시 노원구 중계동,363-1,363,1,주공7,44.1,201910,1,30500,4,1993,한글비석로8길 42,True
28920,서울특별시 노원구 중계동,363-1,363,1,주공7,44.1,201910,4,29900,12,1993,한글비석로8길 42,True
28921,서울특별시 노원구 중계동,363-1,363,1,주공7,44.1,201910,10,29300,12,1993,한글비석로8길 42,True
28922,서울특별시 노원구 중계동,363-1,363,1,주공7,44.1,201910,11,29500,6,1993,한글비석로8길 42,True
28923,서울특별시 노원구 중계동,363-1,363,1,주공7,44.1,201910,12,29990,14,1993,한글비석로8길 42,True
28924,서울특별시 노원구 중계동,363-1,363,1,주공7,44.1,201910,15,26000,1,1993,한글비석로8길 42,True
28925,서울특별시 노원구 중계동,363-1,363,1,주공7,44.1,201910,15,28800,11,1993,한글비석로8길 42,True
28926,서울특별시 노원구 중계동,363-1,363,1,주공7,44.1,201910,24,30000,11,1993,한글비석로8길 42,True
28927,서울특별시 노원구 중계동,363-1,363,1,주공7,44.1,201910,25,26550,1,1993,한글비석로8길 42,True
28928,서울특별시 노원구 중계동,363-1,363,1,주공7,44.1,201910,29,29000,15,1993,한글비석로8길 42,True
28929,서울특별시 노원구 중계동,362-1,362,1,주공8,49.72,201910,12,39000,9,1993,한글비석로5길 62,True
28930,서울특별시 노원구 중계동,362-1,362,1,주공8,49.72,201910,22,41800,9,1993,한글비석로5길 62,True
28931,서울특별시 노원구 중계동,362-1,362,1,주공8,49.72,201910,25,29000,1,1993,한글비석로5길 62,True
28938,서울특별시 노원구 중계동,502-1,502,1,중계그린1단지,49.5,201910,1,34950,12,1990,섬밭로 285,True
28940,서울특별시 노원구 중계동,502-1,502,1,중계그린1단지,39.92,201910,4,27700,9,1990,섬밭로 285,True
28941,서울특별시 노원구 중계동,502-1,502,1,중계그린1단지,49.5,201910,4,37800,7,1990,동일로207길 17,True
28943,서울특별시 노원구 중계동,502-1,502,1,중계그린1단지,49.5,201910,9,38500,13,1990,동일로207길 18,True
28944,서울특별시 노원구 중계동,502-1,502,1,중계그린1단지,39.78,201910,9,29500,5,1990,동일로207길 18,True
28945,서울특별시 노원구 중계동,502-1,502,1,중계그린1단지,49.5,201910,12,38600,10,1990,동일로207길 17,True
28946,서울특별시 노원구 중계동,502-1,502,1,중계그린1단지,49.5,201910,12,39000,14,1990,동일로207길 17,True
28947,서울특별시 노원구 중계동,502-1,502,1,중계그린1단지,49.5,201910,15,37700,4,1990,동일로207길 17,True
28948,서울특별시 노원구 중계동,502-1,502,1,중계그린1단지,39.91,201910,15,28000,2,1990,동일로207길 17,True
28949,서울특별시 노원구 중계동,502-1,502,1,중계그린1단지,49.85,201910,19,37000,14,1990,동일로207길 17,True
28950,서울특별시 노원구 중계동,502-1,502,1,중계그린1단지,49.5,201910,22,36000,7,1990,섬밭로 285,True
28951,서울특별시 노원구 중계동,502-1,502,1,중계그린1단지,49.85,201910,26,37500,4,1990,동일로207길 17,True
28953,서울특별시 노원구 중계동,512,512,0,중계무지개,49.54,201910,4,37000,10,1991,동일로208길 20,True
28954,서울특별시 노원구 중계동,512,512,0,중계무지개,49.89,201910,5,36700,7,1991,동일로208길 20,True
28955,서울특별시 노원구 중계동,512,512,0,중계무지개,39.82,201910,5,28500,6,1991,동일로208길 20,True
28956,서울특별시 노원구 중계동,512,512,0,중계무지개,49.54,201910,5,37000,12,1991,동일로208길 20,True
28957,서울특별시 노원구 중계동,512,512,0,중계무지개,39.82,201910,9,25000,1,1991,동일로208길 20,True
28958,서울특별시 노원구 중계동,512,512,0,중계무지개,39.82,201910,9,28200,5,1991,동일로208길 20,True
28959,서울특별시 노원구 중계동,512,512,0,중계무지개,49.54,201910,9,36700,7,1991,동일로208길 19,True
28960,서울특별시 노원구 중계동,512,512,0,중계무지개,49.54,201910,12,34200,3,1991,동일로208길 20,True
28962,서울특별시 노원구 중계동,512,512,0,중계무지개,39.82,201910,15,28950,8,1991,동일로208길 20,True
28963,서울특별시 노원구 중계동,512,512,0,중계무지개,49.54,201910,15,37000,9,1991,동일로208길 19,True
28964,서울특별시 노원구 중계동,512,512,0,중계무지개,39.96,201910,26,29350,3,1991,동일로208길 20,True
28987,서울특별시 노원구 하계동,271-3,271,3,건영,45.55,201910,7,29400,2,1988,섬밭로 229,True
29003,서울특별시 노원구 하계동,273,273,0,장미(시영6),43.41,201910,9,28000,2,1989,섬밭로 196,True
29004,서울특별시 노원구 하계동,273,273,0,장미(시영6),43.56,201910,15,28000,6,1989,섬밭로 196,True
29005,서울특별시 노원구 하계동,273,273,0,장미(시영6),43.56,201910,17,29300,3,1989,섬밭로 196,True
29007,서울특별시 노원구 하계동,273,273,0,장미(시영6),43.41,201910,22,31000,5,1989,섬밭로 196,True
29009,서울특별시 노원구 하계동,273,273,0,장미(시영6),43.56,201910,26,29000,5,1989,섬밭로 196,True
29010,서울특별시 노원구 하계동,273,273,0,장미(시영6),43.41,201910,26,30700,5,1989,섬밭로 196,True
29013,서울특별시 노원구 하계동,274,274,0,청솔(시영7),49.5,201910,4,34500,6,1989,공릉로59길 25,True
29014,서울특별시 노원구 하계동,274,274,0,청솔(시영7),49.5,201910,5,36400,5,1989,공릉로59길 25,True
29015,서울특별시 노원구 하계동,274,274,0,청솔(시영7),49.85,201910,7,32000,4,1989,공릉로59길 25,True
29016,서울특별시 노원구 하계동,274,274,0,청솔(시영7),39.92,201910,10,27000,3,1989,공릉로59길 25,True
29019,서울특별시 노원구 하계동,274,274,0,청솔(시영7),49.5,201910,16,33000,7,1989,공릉로59길 25,True
29020,서울특별시 노원구 하계동,274,274,0,청솔(시영7),49.85,201910,17,33000,10,1989,공릉로59길 25,True
29021,서울특별시 노원구 하계동,274,274,0,청솔(시영7),49.5,201910,21,35500,12,1989,공릉로59길 25,True
29030,서울특별시 노원구 하계동,284,284,0,한신1,35.28,201910,4,29000,14,1988,공릉로 351,True
29031,서울특별시 노원구 하계동,284,284,0,한신1,44.52,201910,15,32000,8,1988,공릉로 351,True
29032,서울특별시 노원구 하계동,284,284,0,한신1,44.52,201910,19,34800,11,1988,공릉로 351,True
29033,서울특별시 노원구 하계동,284,284,0,한신1,27.0,201910,22,22000,2,1988,공릉로 351,True
29034,서울특별시 노원구 하계동,284,284,0,한신1,27.0,201910,26,22300,8,1988,공릉로 351,True
29035,서울특별시 노원구 하계동,284,284,0,한신1,44.52,201910,30,35000,7,1988,공릉로 351,True
29049,서울특별시 도봉구 도봉동,641,641,0,서원,40.02,201910,1,21000,5,1996,마들로 684-19,True
29050,서울특별시 도봉구 도봉동,641,641,0,서원,49.77,201910,2,25800,13,1996,마들로 684-19,True
29051,서울특별시 도봉구 도봉동,641,641,0,서원,49.77,201910,9,23500,16,1996,마들로 684-19,True
29053,서울특별시 도봉구 도봉동,641,641,0,서원,49.77,201910,16,25000,17,1996,마들로 684-20,True
29054,서울특별시 도봉구 도봉동,641,641,0,서원,49.77,201910,17,25300,10,1996,마들로 684-19,True
29055,서울특별시 도봉구 도봉동,641,641,0,서원,49.77,201910,19,26000,6,1996,마들로 684-19,True
29056,서울특별시 도봉구 도봉동,641,641,0,서원,49.77,201910,21,21800,1,1996,마들로 684-19,True
29057,서울특별시 도봉구 도봉동,641,641,0,서원,49.77,201910,21,25750,12,1996,마들로 684-19,True
29058,서울특별시 도봉구 도봉동,641,641,0,서원,49.77,201910,21,25000,4,1996,마들로 684-20,True
29059,서울특별시 도봉구 도봉동,641,641,0,서원,49.77,201910,22,25000,6,1996,마들로 684-19,True
29060,서울특별시 도봉구 도봉동,641,641,0,서원,49.77,201910,24,25200,16,1996,마들로 684-19,True
29061,서울특별시 도봉구 도봉동,641,641,0,서원,49.77,201910,24,23300,16,1996,마들로 684-19,True
29062,서울특별시 도봉구 도봉동,641,641,0,서원,49.77,201910,29,25300,16,1996,마들로 684-20,True
29063,서울특별시 도봉구 도봉동,641,641,0,서원,49.77,201910,30,25500,7,1996,마들로 684-19,True
29064,서울특별시 도봉구 도봉동,641,641,0,서원,49.14,201910,31,24700,15,1996,마들로 684-19,True
29098,서울특별시 도봉구 방학동,271-1,271,1,신동아아파트1,43.35,201910,1,20700,8,1986,시루봉로 107,True
29129,서울특별시 도봉구 쌍문동,56,56,0,삼익세라믹,42.93,201910,2,21500,5,1988,해등로 195,True
29130,서울특별시 도봉구 쌍문동,56,56,0,삼익세라믹,42.93,201910,5,23800,6,1988,해등로 195,True
29133,서울특별시 도봉구 쌍문동,56,56,0,삼익세라믹,42.93,201910,11,21200,4,1988,해등로 195,True
29136,서울특별시 도봉구 쌍문동,56,56,0,삼익세라믹,42.93,201910,14,21900,14,1988,해등로 195,True
29137,서울특별시 도봉구 쌍문동,56,56,0,삼익세라믹,40.11,201910,17,20950,9,1988,해등로 195,True
29139,서울특별시 도봉구 쌍문동,56,56,0,삼익세라믹,42.93,201910,25,22900,6,1988,해등로 195,True
29146,서울특별시 도봉구 쌍문동,103-69,103,69,쌍문리버뷰,45.88,201910,4,33500,7,2019,도봉로 415,True
29147,서울특별시 도봉구 쌍문동,103-69,103,69,쌍문리버뷰,46.84,201910,19,34500,12,2019,도봉로 415,True
29194,서울특별시 도봉구 창동,715-3,715,3,미소애,45.466,201910,5,26500,7,2005,해등로 139,True
29195,서울특별시 도봉구 창동,715-3,715,3,미소애,45.466,201910,14,26900,7,2005,해등로 139,True
29204,서울특별시 도봉구 창동,300,300,0,상아2차아파트,45.54,201910,1,34800,5,1988,노해로63가길 7,True
29207,서울특별시 도봉구 창동,810,810,0,신창,49.77,201910,14,23700,8,1998,덕릉로62길 13,True
29208,서울특별시 도봉구 창동,810,810,0,신창,49.77,201910,23,23700,13,1998,덕릉로62길 13,True
29214,서울특별시 도봉구 창동,38,38,0,주공17단지,36.16,201910,3,23900,14,1989,덕릉로66길 17,True
29215,서울특별시 도봉구 창동,38,38,0,주공17단지,36.16,201910,3,24000,15,1989,덕릉로66길 17,True
29216,서울특별시 도봉구 창동,38,38,0,주공17단지,36.16,201910,4,23500,8,1989,덕릉로66길 17,True
29217,서울특별시 도봉구 창동,38,38,0,주공17단지,36.16,201910,7,21000,8,1989,덕릉로66길 17,True
29218,서울특별시 도봉구 창동,38,38,0,주공17단지,36.16,201910,9,23200,15,1989,덕릉로66길 17,True
29219,서울특별시 도봉구 창동,38,38,0,주공17단지,36.16,201910,10,23300,4,1989,덕릉로66길 17,True
29220,서울특별시 도봉구 창동,38,38,0,주공17단지,36.16,201910,14,22700,15,1989,덕릉로66길 17,True
29221,서울특별시 도봉구 창동,38,38,0,주공17단지,36.34,201910,17,23300,5,1989,덕릉로66길 17,True
29222,서울특별시 도봉구 창동,38,38,0,주공17단지,36.16,201910,18,26000,14,1989,덕릉로66길 17,True
29223,서울특별시 도봉구 창동,38,38,0,주공17단지,36.34,201910,21,24000,13,1989,덕릉로66길 17,True
29224,서울특별시 도봉구 창동,38,38,0,주공17단지,36.16,201910,21,22800,14,1989,덕릉로66길 17,True
29225,서울특별시 도봉구 창동,38,38,0,주공17단지,36.34,201910,22,23500,15,1989,덕릉로66길 17,True
29231,서울특별시 도봉구 창동,30,30,0,창동주공18단지,45.77,201910,7,33700,6,1988,노해로70길 119,True
29232,서울특별시 도봉구 창동,30,30,0,창동주공18단지,45.9,201910,8,30500,1,1988,노해로70길 119,True
29233,서울특별시 도봉구 창동,30,30,0,창동주공18단지,45.9,201910,8,30000,1,1988,노해로70길 119,True
29235,서울특별시 도봉구 창동,316,316,0,창동주공2단지,45.9,201910,5,31500,2,1990,해등로12길 44,True
29236,서울특별시 도봉구 창동,316,316,0,창동주공2단지,45.9,201910,8,34500,10,1990,해등로12길 44,True
29242,서울특별시 도봉구 창동,347,347,0,창동주공3단지(해등마을),41.3,201910,12,37800,3,1990,해등로 50,True
29244,서울특별시 도봉구 창동,347,347,0,창동주공3단지(해등마을),49.94,201910,26,45200,4,1990,해등로 50,True
29245,서울특별시 도봉구 창동,380,380,0,창동주공4단지,41.3,201910,3,28000,1,1991,덕릉로 349,True
29246,서울특별시 도봉구 창동,380,380,0,창동주공4단지,41.3,201910,3,28250,5,1991,덕릉로 350,True
29247,서울특별시 도봉구 창동,380,380,0,창동주공4단지,36.16,201910,7,24000,3,1991,덕릉로 349,True
29248,서울특별시 도봉구 창동,380,380,0,창동주공4단지,41.3,201910,11,28700,9,1991,덕릉로 349,True
29249,서울특별시 도봉구 창동,380,380,0,창동주공4단지,41.3,201910,20,30700,11,1991,덕릉로 350,True
29250,서울특별시 도봉구 창동,380,380,0,창동주공4단지,41.3,201910,21,27000,6,1991,덕릉로 349,True
29251,서울특별시 도봉구 창동,380,380,0,창동주공4단지,41.3,201910,30,29700,7,1991,덕릉로 349,True
29255,서울특별시 동대문구 답십리동,42,42,0,동답한신,35.45,201910,4,27000,1,1992,답십리로 210-30,True
29273,서울특별시 동대문구 답십리동,530-4,530,4,보광타워,22.96,201910,11,21500,9,2019,황물로 90,True
29283,서울특별시 동대문구 용두동,104-34,104,34,가우디캐슬,29.87,201910,2,25800,10,2019,왕산로22길 16,True
29284,서울특별시 동대문구 용두동,104-34,104,34,가우디캐슬,29.68,201910,4,26800,9,2019,왕산로22길 16,True
29285,서울특별시 동대문구 용두동,104-34,104,34,가우디캐슬,28.73,201910,5,25800,5,2019,왕산로22길 16,True
29288,서울특별시 동대문구 용두동,104-34,104,34,가우디캐슬,29.98,201910,12,26800,11,2019,왕산로22길 16,True
29291,서울특별시 동대문구 용두동,790,790,0,롯데캐슬피렌체,30.4,201910,5,35000,4,2009,정릉천동로 58,True
29292,서울특별시 동대문구 용두동,790,790,0,롯데캐슬피렌체,30.4,201910,15,22500,11,2009,정릉천동로 58,True
29345,서울특별시 동대문구 장안동,415-10,415,10,글로벌팰리스,23.7,201910,8,27500,11,2019,천호대로 385,True
29358,서울특별시 동대문구 장안동,365-4,365,4,서희스타힐스,47.28,201910,28,29500,12,2013,장한로20길 7,True
29392,서울특별시 동대문구 전농동,597-5,597,5,리베르떼,27.23,201910,10,27800,10,2019,왕산로 250,True
29393,서울특별시 동대문구 전농동,103-233,103,233,샤인파크,29.98,201910,10,32000,2,2018,전농로37길 35,True
29394,서울특별시 동대문구 전농동,127-34,127,34,오크밸리,29.55,201910,3,37500,6,2018,서울시립대로25길 9,True
29424,서울특별시 동대문구 회기동,346-18,346,18,베라체캠퍼스,24.319,201910,12,25800,14,2013,이문로 37,True
29434,서울특별시 동대문구 휘경동,57,57,0,주공2,39.98,201910,10,33000,7,2001,한천로 248,True
29436,서울특별시 동대문구 휘경동,57,57,0,주공2,39.98,201910,15,33900,21,2001,한천로 248,True
29437,서울특별시 동대문구 휘경동,57,57,0,주공2,39.98,201910,16,34200,13,2001,한천로 248,True
29444,서울특별시 동작구 노량진동,Jan-57,57,1,메가스터디타워,16.01,201910,13,21000,20,2015,노량진로 140,True
29489,서울특별시 동작구 사당동,105,105,0,극동(105),46.75,201910,14,60000,8,1993,동작대로29길 119,True
29505,서울특별시 동작구 사당동,105,105,0,사당우성2,46.75,201910,5,62000,15,1993,동작대로29길 91,True
29509,서울특별시 동작구 사당동,105,105,0,사당우성2,46.75,201910,22,64500,6,1993,동작대로29길 91,True
29520,서울특별시 동작구 사당동,1037-9,1037,9,삼성휘버스,40.759,201910,22,42800,5,2006,사당로26길 130-6,True
29524,서울특별시 동작구 사당동,105,105,0,신동아4,46.75,201910,30,64000,14,1993,동작대로29길 110,True
29535,서울특별시 동작구 상도동,414,414,0,건영,32.8,201910,12,41500,4,1997,만양로 26,True
29630,서울특별시 마포구 노고산동,01월 03일,1,3,신촌포스빌,32.34,201910,16,32000,14,2004,신촌로 150,True
29631,서울특별시 마포구 노고산동,107-36,107,36,현대벤처빌,41.96,201910,24,29900,3,2002,백범로 10,True
29637,서울특별시 마포구 대흥동,12-41,12,41,서희스타힐스,33.76,201910,12,37500,16,2014,신촌로 160,True
29651,서울특별시 마포구 도화동,555,555,0,한화오벨리스크,36.49,201910,31,45400,6,2004,마포대로 33,True
29689,서울특별시 마포구 서교동,487,487,0,대우미래사랑,34.29,201910,5,28000,6,2005,월드컵북로5나길 18,True
29694,서울특별시 마포구 서교동,371-7,371,7,엠제이더퍼스트홍대,14.97,201910,14,25750,7,2018,양화로 114,True
29703,서울특별시 마포구 신공덕동,167,167,0,대우메트로디오빌,23.63,201910,3,27100,22,2005,백범로 199,True
29704,서울특별시 마포구 신공덕동,167,167,0,대우메트로디오빌,34.39,201910,10,29800,21,2005,백범로 199,True
29705,서울특별시 마포구 신공덕동,167,167,0,대우메트로디오빌,28.96,201910,25,27800,19,2005,백범로 199,True
29707,서울특별시 마포구 신공덕동,13-15,13,15,블레스하임,25.77,201910,9,39850,14,2019,만리재로 45-1,True
29725,서울특별시 마포구 아현동,780,780,0,애오개아이파크,30.01,201910,23,43500,7,2016,굴레방로1길 25,True
29727,서울특별시 마포구 염리동,515-1,515,1,상록,49.8,201910,12,56700,12,1997,숭문길 106,True
29791,서울특별시 서대문구 남가좌동,387,387,0,디엠씨엘가,30.36,201910,4,33000,11,2017,모래내로 151,True
29801,서울특별시 서대문구 대현동,104-36,104,36,신촌자이엘라,22.13,201910,11,28000,23,2014,신촌로 149,True
29802,서울특별시 서대문구 북가좌동,488,488,0,(488-),48.48,201910,10,39800,6,2018,응암로 133,True
29803,서울특별시 서대문구 북가좌동,488,488,0,(488-),48.03,201910,13,39600,8,2018,응암로 133,True
29846,서울특별시 서대문구 연희동,746,746,0,연희웨스트팰리스,26.88,201910,11,24500,11,2014,연희로5길 54-11,True
29853,서울특별시 서대문구 창천동,510-2,510,2,3RU-City,25.06,201910,1,21900,12,2013,신촌로 1,True
29858,서울특별시 서대문구 충정로3가,465,465,0,충정리시온,33.32,201910,10,31900,7,2004,서소문로 27,True
29859,서울특별시 서대문구 충정로3가,465,465,0,충정리시온,45.89,201910,25,46200,17,2004,서소문로 27,True
29860,서울특별시 서대문구 충정로3가,465,465,0,충정리시온,44.88,201910,25,44900,12,2004,서소문로 27,True
29861,서울특별시 서대문구 충정로3가,465,465,0,충정리시온,45.75,201910,28,44800,8,2004,서소문로 27,True
29862,서울특별시 서대문구 충정로3가,465,465,0,충정리시온,41.48,201910,30,42300,6,2004,서소문로 27,True
29911,서울특별시 서대문구 홍제동,461,461,0,홍제삼성래미안,32.76,201910,15,38000,9,2001,통일로 319,True
29912,서울특별시 서대문구 홍제동,461,461,0,홍제삼성래미안,32.76,201910,19,32700,1,2001,통일로 319,True
29947,서울특별시 서초구 방배동,864-7,864,7,골드아트빌,48.57,201910,5,57000,7,2009,서초대로3길 20,True
29978,서울특별시 서초구 서초동,1337-3,1337,3,urban place,20.334,201910,11,23500,8,2014,효령로77길 30,True
29979,서울특별시 서초구 서초동,1337-3,1337,3,urban place,20.406,201910,17,22500,5,2014,효령로77길 30,True
29980,서울특별시 서초구 서초동,1327-23,1327,23,강남아르젠,18.53,201910,13,32300,8,2014,강남대로55길 9-7,True
29994,서울특별시 서초구 서초동,1330,1330,0,서초동삼성쉐르빌2,35.22,201910,15,30600,21,2002,강남대로53길 11,True
29995,서울특별시 서초구 서초동,1330,1330,0,서초동삼성쉐르빌2,35.22,201910,19,28000,8,2002,강남대로53길 11,True
29996,서울특별시 서초구 서초동,1330,1330,0,서초동삼성쉐르빌2,35.22,201910,25,27500,4,2002,강남대로53길 11,True
29998,서울특별시 서초구 서초동,1600-11,1600,11,서초레몬,44.95,201910,1,42500,14,2005,서초중앙로 45,True
30016,서울특별시 서초구 서초동,1338-1,1338,1,풍림아이원플러스,34.4237,201910,28,33500,14,2004,효령로77길 14,True
30017,서울특별시 서초구 서초동,1363-25,1363,25,한라비발디스튜디오193,19.99,201910,8,27400,10,2013,강남대로39길 15-10,True
30025,서울특별시 서초구 양재동,90,90,0,신영체르니,39.1,201910,11,44650,7,2002,논현로27길 57,True
30026,서울특별시 서초구 양재동,90,90,0,신영체르니,39.1,201910,16,47000,3,2002,논현로27길 57,True
30097,서울특별시 성동구 마장동,784,784,0,세림,40.86,201910,9,49700,8,1986,마장로42길 16,True
30111,서울특별시 성동구 성수동1가,718,718,0,트리마제,25.3284,201910,11,90000,6,2017,왕십리로 16,True
30299,서울특별시 성북구 돈암동,1,1,0,돈암현대아파트,41.58,201910,8,32500,9,1991,정릉로 404,True
30300,서울특별시 성북구 돈암동,1,1,0,돈암현대아파트,41.58,201910,9,31700,3,1991,정릉로 402,True
30301,서울특별시 성북구 돈암동,1,1,0,돈암현대아파트,41.58,201910,18,32000,3,1991,정릉로 404,True
30337,서울특별시 성북구 동소문동6가,03월 01일,3,1,시티플레이스,14.02,201910,19,21500,13,2015,동소문로 73,True
30430,서울특별시 성북구 정릉동,1021,1021,0,대우,43.11,201910,17,27200,6,2001,보국문로30길 15,True
30452,서울특별시 성북구 정릉동,1020,1020,0,정릉우성아파트 101~105동,46.65,201910,9,32500,16,2000,북악산로 813,True
30454,서울특별시 성북구 정릉동,1020,1020,0,정릉우성아파트 101~105동,46.65,201910,15,31000,2,2000,북악산로 813,True
30455,서울특별시 성북구 정릉동,1020,1020,0,정릉우성아파트 101~105동,46.65,201910,16,32000,11,2000,북악산로 813,True
30585,서울특별시 송파구 가락동,Jan-96,96,1,우성,43.79,201910,18,77000,5,1986,송파대로32길 8,True
30593,서울특별시 송파구 거여동,290,290,0,거여1단지,39.6,201910,1,39900,1,1997,양산로8길 8,True
30594,서울특별시 송파구 거여동,290,290,0,거여1단지,39.6,201910,2,44500,6,1997,양산로8길 8,True
30595,서울특별시 송파구 거여동,290,290,0,거여1단지,49.8,201910,3,58000,2,1997,양산로8길 8,True
30596,서울특별시 송파구 거여동,290,290,0,거여1단지,39.6,201910,7,46000,11,1997,양산로8길 8,True
30597,서울특별시 송파구 거여동,290,290,0,거여1단지,39.6,201910,7,43500,6,1997,양산로8길 8,True
30598,서울특별시 송파구 거여동,290,290,0,거여1단지,39.6,201910,16,44800,8,1997,양산로8길 8,True
30602,서울특별시 송파구 거여동,293,293,0,거여4단지,38.9,201910,2,44500,11,1997,양산로4길 8,True
30603,서울특별시 송파구 거여동,293,293,0,거여4단지,38.9,201910,3,44000,12,1997,양산로4길 8,True
30641,서울특별시 송파구 문정동,145,145,0,문정시영,39.69,201910,9,51500,11,1989,송이로31길 56,True
30642,서울특별시 송파구 문정동,145,145,0,문정시영,46.26,201910,22,59000,2,1989,송이로31길 56,True
30643,서울특별시 송파구 문정동,145,145,0,문정시영,39.69,201910,24,47000,1,1989,송이로31길 56,True
30670,서울특별시 송파구 방이동,Apr-51,51,4,올림픽카운티,38.7,201910,4,28500,5,2003,백제고분로 497,True
30671,서울특별시 송파구 방이동,51,51,0,올림픽파크리움,17.729,201910,19,24500,19,2016,백제고분로 505,True
30675,서울특별시 송파구 방이동,May-48,48,5,현대주상복합,35.32,201910,2,24800,7,1998,오금로11길 55,True
30678,서울특별시 송파구 석촌동,03월 24일,24,3,석촌호수효성해링턴타워,15.8307,201910,12,25000,14,2015,석촌호수로 210,True
30679,서울특별시 송파구 석촌동,03월 24일,24,3,석촌호수효성해링턴타워,15.8307,201910,17,24400,13,2015,석촌호수로 210,True
30702,서울특별시 송파구 신천동,17,17,0,파크리오,35.24,201910,8,82000,4,2008,올림픽로 435,True
30709,서울특별시 송파구 오금동,165,165,0,상아,45.77,201910,2,60000,13,1984,오금로 407,True
30710,서울특별시 송파구 오금동,165,165,0,상아,45.77,201910,9,62000,11,1984,오금로 407,True
30791,서울특별시 송파구 풍납동,260,260,0,현대리버빌1지구,43.2,201910,12,54000,10,1999,토성로 37,True
30793,서울특별시 송파구 풍납동,260,260,0,현대리버빌1지구,43.2,201910,18,55900,15,1999,토성로 37,True
30794,서울특별시 송파구 풍납동,260,260,0,현대리버빌1지구,43.2,201910,19,54100,7,1999,토성로 37,True
30795,서울특별시 송파구 풍납동,261,261,0,현대리버빌2지구,40.95,201910,18,43000,15,1999,풍성로24길 42,True
30832,서울특별시 양천구 목동,911,911,0,목동신시가지6,47.94,201910,8,92000,14,1986,목동동로 430,True
30833,서울특별시 양천구 목동,911,911,0,목동신시가지6,47.94,201910,9,96000,6,1986,목동동로 430,True
30891,서울특별시 양천구 신월동,987-1,987,1,신월시영,43.2,201910,1,32200,7,1988,신월로 99,True
30892,서울특별시 양천구 신월동,987-1,987,1,신월시영,43.2,201910,3,27500,8,1988,신월로 99,True
30895,서울특별시 양천구 신월동,987-1,987,1,신월시영,43.2,201910,4,32000,6,1988,신월로 99,True
30896,서울특별시 양천구 신월동,987-1,987,1,신월시영,43.2,201910,5,32000,1,1988,신월로 99,True
30902,서울특별시 양천구 신월동,987-1,987,1,신월시영,43.2,201910,12,32950,6,1988,신월로 99,True
30906,서울특별시 양천구 신월동,987-1,987,1,신월시영,43.2,201910,12,33000,12,1988,신월로 99,True
30907,서울특별시 양천구 신월동,987-1,987,1,신월시영,43.2,201910,19,30700,10,1988,신월로 99,True
30976,서울특별시 양천구 신정동,733-31,733,31,수정,48.6,201910,3,30500,1,1987,신정로13길 35,True
30977,서울특별시 양천구 신정동,733-31,733,31,수정,47.16,201910,12,29950,4,1987,신정로13길 35,True
30983,서울특별시 양천구 신정동,1259,1259,0,신트리1,49.8,201910,9,43300,15,1999,신정로 293,True
30986,서울특별시 양천구 신정동,1259,1259,0,신트리1,49.8,201910,22,43000,5,1999,신정로 293,True
30987,서울특별시 양천구 신정동,1259,1259,0,신트리1,49.95,201910,24,44800,14,1999,신정로 293,True
30989,서울특별시 양천구 신정동,1277,1277,0,신트리4,49.5,201910,13,38500,13,2000,신정로 260,True
30990,서울특별시 양천구 신정동,1277,1277,0,신트리4,48.96,201910,15,38500,5,2000,신정로 260,True
31000,서울특별시 양천구 신정동,1281,1281,0,푸른마을2,49.16,201910,2,35750,11,2001,신정로7길 76,True
31004,서울특별시 양천구 신정동,1293,1293,0,학마을1단지,49.99,201910,4,35500,10,2000,신정로14길 6,True
31012,서울특별시 영등포구 당산동2가,01월 16일,16,1,대우,31.73,201910,2,28800,9,1999,영등포로 106,True
31013,서울특별시 영등포구 당산동2가,01월 16일,16,1,대우,31.73,201910,10,26970,2,1999,영등포로 106,True
31014,서울특별시 영등포구 당산동2가,01월 16일,16,1,대우,31.73,201910,12,30000,15,1999,영등포로 106,True
31022,서울특별시 영등포구 당산동3가,564,564,0,당산계룡리슈빌1단지,16.536,201910,3,28300,12,2014,양산로25길 16,True
31023,서울특별시 영등포구 당산동3가,564,564,0,당산계룡리슈빌1단지,40.136,201910,12,55000,11,2014,양산로25길 16,True
31024,서울특별시 영등포구 당산동3가,564,564,0,당산계룡리슈빌1단지,42.02,201910,24,59700,5,2014,양산로25길 16,True
31062,서울특별시 영등포구 대림동,608-1,608,1,현대3,43.92,201910,1,49900,28,1997,도신로 31,True
31066,서울특별시 영등포구 도림동,221-1,221,1,도림청구,37.81,201910,5,33000,6,1997,도영로7길 7,True
31068,서울특별시 영등포구 도림동,221-1,221,1,도림청구,37.81,201910,31,30000,1,1997,도영로7길 7,True
31090,서울특별시 영등포구 문래동6가,45,45,0,현대2,41.04,201910,22,38800,5,1987,문래로4길 6,True
31095,서울특별시 영등포구 신길동,3002,3002,0,남서울,41.62,201910,19,58500,5,1974,신길로 108,True
31096,서울특별시 영등포구 신길동,1343,1343,0,대방전철,46.12,201910,4,47500,2,1976,여의대방로59길 12-8,True
31111,서울특별시 영등포구 신길동,365,365,0,우성1,49.64,201910,4,49000,4,1986,도신로 68,True
31154,서울특별시 영등포구 양평동6가,101,101,0,선유도삼성홈타운,42.98,201910,12,32000,2,2015,양평로28가길 44,True
31157,서울특별시 영등포구 여의도동,30,30,0,목화,49.75,201910,2,105000,9,1977,여의나루로 126,True
31181,서울특별시 영등포구 영등포동2가,28-138,28,138,현대팰리스,39.53,201910,16,30000,7,2016,버드나루로5길 8,True
31200,서울특별시 용산구 동자동,08월 19일,19,8,동자,44.0,201910,5,46000,1,1969,한강대로104마길 30,True
31227,서울특별시 용산구 이촌동,302-86,302,86,빌라맨션,20.3,201910,11,25000,18,1974,이촌로 156,True
31246,서울특별시 용산구 이태원동,669,669,0,용산동아파트,44.76,201910,16,37000,7,1969,녹사평대로 250-1,True
31250,서울특별시 용산구 한강로1가,231-24,231,24,삼각아파트,35.37,201910,16,65000,3,1970,한강대로62길 32,True
31253,서울특별시 용산구 한강로2가,02월 11일,2,11,한강로대우아이빌,28.22,201910,24,32500,14,2004,한강대로43길 13,True
31259,서울특별시 용산구 한남동,04월 29일,29,4,한성1,32.17,201910,15,27000,5,1974,독서당로 73-4,True
31260,서울특별시 용산구 한남동,04월 29일,29,4,한성1,44.43,201910,24,51000,6,1974,독서당로 73-4,True
31308,서울특별시 은평구 불광동,486-17,486,17,베로니스,28.84,201910,1,28434,10,2019,통일로80길 1-1,True
31309,서울특별시 은평구 불광동,486-17,486,17,베로니스,28.84,201910,21,27190,9,2019,통일로80길 1-1,True
31370,서울특별시 은평구 응암동,427-113,427,113,밝은문,43.82,201910,5,31500,8,2014,응암로 254,True
31407,서울특별시 은평구 증산동,164-17,164,17,자선메르시안(164-17),45.66,201910,7,28000,5,2004,증산로9길 6-24,True
31439,서울특별시 은평구 진관동,60,60,0,은평뉴타운솔하임,45.034,201910,2,35000,14,2017,통일로 1080,True
31440,서울특별시 은평구 진관동,64,64,0,힐데스하임,42.24,201910,9,46000,14,2017,진관3로 11,True
31441,서울특별시 종로구 교북동,126,126,0,경희궁자이(4단지),45.879,201910,26,98000,10,2017,송월길 155,True
31469,서울특별시 종로구 연건동,195-10,195,10,이화에수풀,19.86,201910,14,23000,13,2014,대학로 47,True
31470,서울특별시 종로구 연건동,195-10,195,10,이화에수풀,16.98,201910,24,20800,6,2014,대학로 47,True
31481,서울특별시 중구 순화동,217,217,0,덕수궁롯데캐슬,42.3686,201910,2,67000,8,2016,서소문로9길 28,True
31515,서울특별시 중구 인현동2가,192-30,192,30,신성상가,48.56,201910,4,25800,10,1968,마른내로 72,True
31520,서울특별시 중구 충무로5가,90,90,0,충무로헤센스마트,19.76,201910,26,23500,4,2018,서애로1길 11,True
31521,서울특별시 중구 황학동,1546,1546,0,(1546-0),29.35,201910,2,22900,9,2015,난계로15길 36-6,True
31523,서울특별시 중구 황학동,1743,1743,0,골드캐슬Ⅲ,33.47,201910,15,28000,7,2017,난계로21길 39,True
31586,서울특별시 중랑구 면목동,193-1,193,1,한신,44.5,201910,4,29300,4,1987,중랑천로 20,True
31587,서울특별시 중랑구 면목동,193-1,193,1,한신,35.3,201910,15,21350,6,1987,중랑천로 20,True
31589,서울특별시 중랑구 면목동,193-1,193,1,한신,44.5,201910,23,28500,8,1987,중랑천로 20,True
31590,서울특별시 중랑구 면목동,193-1,193,1,한신,35.3,201910,28,21000,2,1987,중랑천로 20,True
31661,서울특별시 중랑구 신내동,661,661,0,신내11대명,39.76,201910,17,24950,15,1996,봉화산로 193,True
31662,서울특별시 중랑구 신내동,661,661,0,신내11대명,49.77,201910,17,34000,10,1996,봉화산로 193,True
31663,서울특별시 중랑구 신내동,661,661,0,신내11대명,39.76,201910,21,23000,1,1996,봉화산로 193,True
31664,서울특별시 중랑구 신내동,650,650,0,신내6대주,39.84,201910,3,29700,6,1996,신내로19길 42,True
31666,서울특별시 중랑구 신내동,650,650,0,신내6대주,49.77,201910,4,38800,5,1996,신내로19길 42,True
31668,서울특별시 중랑구 신내동,650,650,0,신내6대주,39.84,201910,7,26900,2,1996,신내로19길 42,True
31669,서울특별시 중랑구 신내동,650,650,0,신내6대주,39.84,201910,8,30750,4,1996,신내로19길 42,True
31670,서울특별시 중랑구 신내동,650,650,0,신내6대주,39.84,201910,9,30000,6,1996,신내로19길 42,True
31673,서울특별시 중랑구 신내동,650,650,0,신내6대주,49.77,201910,16,38000,7,1996,신내로19길 42,True
31674,서울특별시 중랑구 신내동,650,650,0,신내6대주,39.84,201910,21,30000,9,1996,신내로19길 42,True
31677,서울특별시 중랑구 신내동,657,657,0,신내9진흥,33.18,201910,5,23000,14,1996,신내로 127,True
31678,서울특별시 중랑구 신내동,657,657,0,신내9진흥,33.18,201910,5,22000,7,1996,신내로 127,True
31679,서울특별시 중랑구 신내동,657,657,0,신내9진흥,33.18,201910,10,22000,5,1996,신내로 127,True
31680,서울특별시 중랑구 신내동,657,657,0,신내9진흥,39.84,201910,12,27000,10,1996,신내로 127,True
31681,서울특별시 중랑구 신내동,657,657,0,신내9진흥,39.84,201910,12,26000,6,1996,신내로 127,True
31682,서울특별시 중랑구 신내동,657,657,0,신내9진흥,49.82,201910,15,33000,9,1996,신내로 127,True
31683,서울특별시 중랑구 신내동,657,657,0,신내9진흥,33.18,201910,18,22500,10,1996,신내로 127,True
31684,서울특별시 중랑구 신내동,657,657,0,신내9진흥,49.93,201910,21,35000,14,1996,신내로 127,True
32311,울산광역시 남구 신정동,949-33,949,33,강남(949-33),45.55,201910,3,22200,1,1984,두왕로244번길 13-3,True
32379,울산광역시 남구 신정동,1323-50,1323,50,수아지오시티,34.54,201910,18,20080,5,2018,봉월로 117,True
33617,인천광역시 계양구 계산동,20,20,0,주공,49.94,201910,4,20900,14,1990,경명대로1142번길 3,True
34013,인천광역시 남동구 구월동,24,24,0,롯데캐슬골드,46.8778,201910,9,29000,7,2007,호구포로 803,True
34019,인천광역시 남동구 구월동,24,24,0,롯데캐슬골드,46.8778,201910,21,28400,5,2007,호구포로 803,True
34032,인천광역시 남동구 구월동,1128,1128,0,탑클래스,49.9855,201910,1,20500,13,2016,예술로192번길 30,True
34253,인천광역시 남동구 만수동,1115-1,1115,1,향촌휴먼시아,46.89,201910,7,20300,19,2011,만수서로 55,True
34633,인천광역시 부평구 부개동,477-1,477,1,대동,48.48,201910,25,20500,3,1988,길주로 640,True
34634,인천광역시 부평구 부개동,477-1,477,1,대동,48.48,201910,26,21400,3,1988,길주로 640,True
34646,인천광역시 부평구 부개동,477-5,477,5,동아,49.2,201910,3,21000,3,1988,길주남로113번길 12,True
34650,인천광역시 부평구 부개동,308-3,308,3,부개동동도센트리움,45.229,201910,5,23550,15,2014,경인로1099번길 39,True
34652,인천광역시 부평구 부개동,308-3,308,3,부개동동도센트리움,45.229,201910,9,23700,10,2014,경인로1099번길 39,True
34657,인천광역시 부평구 부개동,496-2,496,2,부개주공1,49.96,201910,1,22000,19,1996,길주남로 143,True
34658,인천광역시 부평구 부개동,496-2,496,2,부개주공1,49.96,201910,4,23500,16,1996,길주남로 143,True
34659,인천광역시 부평구 부개동,496-2,496,2,부개주공1,49.96,201910,7,22250,19,1996,길주남로 143,True
34660,인천광역시 부평구 부개동,496-2,496,2,부개주공1,49.96,201910,11,21800,4,1996,길주남로 143,True
34804,인천광역시 부평구 부평동,140-6,140,6,신영(1동2동),48.01,201910,5,25000,1,1983,길주남로90번길 45,True
34806,인천광역시 부평구 부평동,140-6,140,6,신영(1동2동),46.35,201910,12,24800,5,1983,길주남로90번길 45,True
34879,인천광역시 부평구 산곡동,10월 30일,30,10,삼도,38.22,201910,2,21850,3,1988,산청로 31,True
34880,인천광역시 부평구 산곡동,10월 30일,30,10,삼도,49.38,201910,4,27500,1,1988,산청로 31,True
35126,인천광역시 부평구 청천동,48-347,48,347,영남,49.32,201910,25,22300,2,1986,청중로 16,True
39011,제주특별자치도 제주시 노형동,754-4,754,4,부영2차,45.9078,201910,2,23250,2,2001,과원로 11,True
39072,제주특별자치도 제주시 연동,261-44,261,44,제원1차,42.24,201910,1,25000,2,1978,신광로6길 14,True
39104,제주특별자치도 제주시 이도이동,777,777,0,주공3,46.68,201910,5,37500,2,1989,구남로 31,True
